Word,Occurrences,Word Count By Book,WF (HP),Lg10WF (HP),CD (HP),Lg10CD (HP),Lg10WF (SUBTLEX),Book of Acquisition (HP)
rat,"{1: [(2, 1), (6, 5)], 2: [(3, 1), (5, 1), (8, 1), (9, 1), (12, 1), (13, 1)], 3: [(1, 1), (4, 11), (7, 2), (12, 1), (13, 2), (16, 4), (17, 8), (18, 2), (19, 13), (21, 4), (22, 1)], 4: [(5, 2), (26, 1)], 5: [(9, 1), (23, 2), (31, 1)]}","{1: 6, 2: 6, 3: 49, 4: 3, 5: 4}",6.078815417663786e-05,-4.216181043703424,0.12121212121212122,-0.9164539485499251,3.2212,1
dog,"{1: [(1, 1), (3, 1), (5, 2), (9, 4), (10, 3), (11, 4), (12, 1), (13, 1), (14, 1), (15, 1), (16, 2), (17, 1)], 2: [(1, 1), (13, 1), (14, 1), (15, 1)], 3: [(2, 2), (3, 1), (4, 2), (6, 5), (8, 1), (9, 3), (15, 3), (17, 12), (19, 7), (20, 3), (21, 2)], 4: [(1, 1), (19, 2), (20, 3), (23, 1), (27, 4), (35, 2), (36, 7)], 5: [(10, 9), (12, 1), (14, 1), (16, 1), (20, 2), (24, 1), (28, 1), (31, 1), (37, 1)], 6: [(5, 1), (9, 1), (28, 2)], 7: [(26, 1), (31, 1)]}","{1: 22, 2: 4, 3: 41, 4: 20, 5: 18, 6: 4, 7: 2}",9.922772225892357e-05,-4.003366977623003,0.24242424242424243,-0.6154239528859439,3.9928,1
frog,"{1: [(4, 1), (6, 2), (7, 1), (12, 2), (13, 2), (17, 1)], 2: [(3, 1), (8, 2)], 3: [(12, 2), (14, 1)], 4: [(5, 2), (13, 2), (19, 1), (26, 2), (28, 1), (29, 1)], 5: [(3, 2), (5, 1), (10, 5), (17, 1), (18, 4), (21, 2), (23, 1), (24, 1), (26, 1), (38, 2)], 6: [(15, 1)], 7: [(2, 1), (6, 1)]}","{1: 9, 2: 3, 3: 3, 4: 9, 5: 20, 6: 1, 7: 2}",4.201534185738205e-05,-4.376592098473943,0.14646464646464646,-0.8342671923625751,2.781,1
monkey,"{5: [(35, 1)], 6: [(10, 1)], 7: [(23, 1)]}","{5: 1, 6: 1, 7: 1}",2.6818303313222587e-06,-5.571568701689998,0.015151515151515152,-1.8195439355418686,3.233,5
motorcycle,"{1: [(1, 5), (2, 3)], 5: [(7, 1)], 7: [(4, 1), (10, 1)]}","{1: 8, 5: 1, 7: 2}",9.833377881514949e-06,-5.007297271251435,0.025252525252525252,-1.5976951859255124,2.659,1
ship,"{4: [(15, 2), (16, 1), (18, 1), (19, 1), (20, 1), (21, 1), (23, 1), (24, 2), (28, 2), (29, 1), (31, 1), (35, 2), (37, 1)], 6: [(6, 1)]}","{4: 17, 6: 1}",1.609098198793355e-05,-4.793417451306355,0.0707070707070707,-1.1505371545832932,3.7028,4
goblins,"{1: [(5, 7), (8, 1)], 4: [(9, 1), (24, 14), (37, 4)], 5: [(5, 2), (7, 1), (9, 1), (10, 2), (18, 1), (31, 1), (34, 1), (36, 1)], 6: [(6, 1)], 7: [(15, 9), (23, 2), (24, 10), (25, 14), (26, 19), (27, 2)]}","{1: 8, 4: 19, 5: 10, 6: 1, 7: 56}",8.40306837147641e-05,-4.075562102809962,0.10101010101010101,-0.9956351945975499,1.8195,1
monsters,"{2: [(11, 1), (13, 1), (14, 1), (15, 2), (16, 1)], 3: [(1, 1), (4, 2), (6, 1), (11, 1)], 4: [(20, 1), (24, 1), (26, 2), (31, 1)], 5: [(30, 1)], 6: [(26, 1)], 7: [(6, 1), (31, 2), (32, 1)]}","{2: 6, 3: 5, 4: 5, 5: 1, 6: 1, 7: 4}",1.9666755763029898e-05,-4.706267275587454,0.09090909090909091,-1.041392685158225,2.7412,2
elves,"{2: [(3, 2), (10, 1)], 4: [(8, 3), (9, 3), (10, 1), (12, 3), (14, 2), (15, 2), (16, 2), (19, 1), (21, 13), (23, 2), (24, 1), (27, 1), (28, 10)], 5: [(4, 1), (6, 2), (8, 1), (13, 4), (14, 1), (18, 2), (21, 1), (23, 1), (27, 2), (37, 1)], 6: [(3, 2), (15, 1), (16, 1), (18, 1), (19, 5), (21, 1), (22, 1), (24, 1)], 7: [(10, 3), (11, 1), (15, 1), (24, 3), (31, 1), (35, 1), (36, 4)]}","{2: 3, 4: 44, 5: 16, 6: 13, 7: 14}",8.045490993966776e-05,-4.094447446970335,0.20202020202020202,-0.6946051989335688,2.2529,2
cousin,"{1: [(1, 1), (6, 2)], 2: [(11, 1)], 3: [(1, 1)], 4: [(2, 1), (4, 1), (24, 1)], 5: [(1, 5), (2, 1), (6, 4), (8, 4), (20, 1), (25, 1), (26, 1), (35, 1), (36, 1), (37, 1)], 6: [(3, 1), (5, 1), (17, 1)], 7: [(3, 5), (8, 5), (11, 1), (36, 2)]}","{1: 3, 2: 1, 3: 1, 4: 3, 5: 20, 6: 3, 7: 13}",3.9333511526059796e-05,-4.405237279923473,0.12121212121212122,-0.9164539485499251,3.3965,1
werewolf,"{1: [(13, 1), (15, 3), (16, 1)], 2: [(6, 1), (10, 3), (17, 1)], 3: [(9, 4), (17, 4), (18, 6), (19, 3), (20, 3), (21, 4), (22, 3)], 5: [(5, 1), (9, 1), (14, 1), (15, 1), (22, 3), (23, 1), (28, 2)], 6: [(16, 3), (22, 2), (27, 3), (28, 2), (29, 5)], 7: [(1, 1), (8, 1), (11, 3), (23, 7), (25, 1)]}","{1: 5, 2: 5, 3: 27, 5: 10, 6: 15, 7: 13}",6.704575828305647e-05,-4.17362869301796,0.15151515151515152,-0.8195439355418687,2.3579,1
genie,{},{},0.0,,0.0,,2.2529,
unicorn,"{1: [(5, 3), (6, 1), (15, 17), (17, 1)], 3: [(4, 1), (20, 1), (21, 1)], 4: [(18, 1), (24, 6), (26, 1), (33, 1)], 5: [(31, 1)], 6: [(7, 1), (18, 1), (22, 2)], 7: [(13, 1), (20, 1), (24, 1)]}","{1: 22, 3: 3, 4: 9, 5: 1, 6: 4, 7: 3}",3.754562463851162e-05,-4.42544066601176,0.09090909090909091,-1.041392685158225,2.1038,1
fairy,"{3: [(21, 1)], 4: [(13, 1), (22, 1), (23, 3)], 5: [(13, 1)], 7: [(21, 1), (22, 1), (24, 1)]}","{3: 1, 4: 5, 5: 1, 7: 3}",8.939434437740861e-06,-5.04868995640966,0.04040404040404041,-1.3935752032695874,2.9304,3
clock,"{1: [(3, 1), (6, 1), (14, 1), (16, 1)], 2: [(2, 1), (3, 1), (5, 2), (9, 1)], 3: [(1, 3), (7, 1), (9, 1)], 4: [(10, 4), (17, 1)], 5: [(6, 1), (22, 3), (35, 1)], 6: [(1, 1), (3, 2), (4, 4), (5, 3), (6, 2), (12, 1), (17, 1), (19, 1), (20, 1), (23, 1), (24, 3)], 7: [(3, 1), (8, 1), (10, 1)]}","{1: 4, 2: 5, 3: 5, 4: 5, 5: 5, 6: 20, 7: 3}",4.201534185738205e-05,-4.376592098473943,0.15151515151515152,-0.8195439355418687,3.4758,1
stone,"{1: [(2, 1), (5, 3), (6, 1), (7, 2), (8, 2), (10, 1), (13, 13), (14, 7), (15, 4), (16, 16), (17, 25)], 2: [(2, 1), (3, 1), (4, 2), (5, 3), (6, 2), (8, 2), (9, 1), (11, 1), (12, 7), (13, 1), (14, 2), (16, 2), (17, 8)], 3: [(5, 2), (6, 2), (7, 1), (9, 1), (10, 3), (11, 1), (13, 2), (14, 3), (16, 1), (21, 2), (22, 1)], 4: [(1, 1), (7, 1), (12, 2), (13, 3), (14, 1), (15, 2), (16, 2), (17, 1), (18, 1), (20, 1), (21, 4), (23, 5), (26, 6), (27, 1), (28, 8), (29, 3), (30, 9), (31, 2), (32, 3), (33, 2), (35, 1), (36, 1), (37, 1)], 5: [(4, 2), (5, 2), (6, 2), (7, 1), (8, 3), (10, 1), (11, 4), (13, 1), (15, 1), (16, 4), (17, 4), (18, 1), (19, 1), (21, 2), (22, 2), (23, 2), (24, 4), (25, 1), (26, 3), (27, 4), (28, 3), (29, 2), (30, 1), (31, 3), (32, 1), (33, 2), (34, 8), (35, 12), (36, 3), (37, 1), (38, 2)], 6: [(2, 3), (4, 3), (10, 6), (12, 1), (13, 2), (17, 2), (18, 2), (19, 1), (20, 2), (21, 1), (22, 1), (23, 4), (24, 3), (25, 3), (26, 4), (28, 1), (30, 1)], 7: [(1, 1), (5, 1), (9, 1), (10, 2), (11, 2), (12, 2), (13, 2), (14, 1), (16, 6), (18, 1), (20, 1), (21, 13), (22, 13), (23, 1), (24, 1), (26, 3), (27, 1), (29, 2), (30, 1), (31, 10), (32, 3), (33, 3), (34, 5), (35, 5), (36, 3)]}","{1: 75, 2: 33, 3: 19, 4: 61, 5: 83, 6: 40, 7: 84}",0.00035310766029076403,-3.4520928607832,0.6616161616161617,-0.17939389460576682,3.3166,1
memory,"{1: [(2, 1), (17, 1)], 2: [(3, 1), (6, 1), (8, 1), (13, 2), (16, 3), (17, 4), (18, 2)], 3: [(2, 1), (3, 1), (8, 1), (9, 1), (10, 2), (12, 8), (13, 1), (15, 1), (21, 1), (22, 1)], 4: [(1, 3), (7, 3), (12, 1), (13, 1), (15, 1), (18, 1), (19, 1), (27, 2), (28, 1), (30, 4), (33, 1), (35, 4), (36, 1), (37, 1)], 5: [(6, 1), (9, 1), (10, 1), (11, 1), (12, 3), (14, 1), (15, 1), (16, 1), (17, 1), (18, 1), (21, 2), (22, 1), (23, 3), (24, 2), (26, 3), (27, 1), (28, 3), (29, 3), (31, 1)], 6: [(1, 2), (3, 2), (4, 1), (6, 1), (10, 3), (13, 3), (17, 13), (18, 5), (19, 3), (20, 20), (21, 6), (22, 15), (23, 6), (24, 1)], 7: [(8, 1), (9, 1), (15, 1), (21, 1), (22, 2), (26, 2), (30, 1), (31, 3), (34, 1)]}","{1: 2, 2: 14, 3: 18, 4: 25, 5: 31, 6: 81, 7: 13}",0.00016448559365443187,-3.783872133400124,0.3787878787878788,-0.42160392686983106,3.3941,1
glasses,"{1: [(1, 3), (2, 3), (3, 1), (5, 1), (6, 1), (8, 1), (9, 2), (12, 2), (17, 1)], 2: [(1, 1), (3, 1), (4, 10), (5, 4), (6, 1), (10, 2), (11, 1), (12, 6), (16, 2), (17, 1)], 3: [(1, 4), (3, 2), (5, 1), (6, 1), (9, 6), (11, 2), (12, 1), (15, 2), (17, 1), (21, 2), (22, 1)], 4: [(2, 1), (4, 1), (5, 1), (6, 3), (8, 3), (10, 1), (12, 1), (13, 2), (19, 2), (23, 1), (25, 2), (26, 2), (28, 1), (31, 2), (36, 2), (37, 2)], 5: [(5, 2), (6, 1), (7, 1), (8, 1), (9, 3), (10, 2), (12, 2), (16, 2), (17, 2), (18, 3), (21, 2), (22, 3), (25, 1), (26, 1), (28, 2), (31, 1), (36, 2), (37, 2)], 6: [(1, 1), (2, 4), (3, 9), (4, 1), (5, 2), (6, 1), (8, 1), (10, 1), (12, 2), (13, 1), (16, 3), (17, 2), (19, 2), (21, 1), (25, 1), (26, 1), (30, 1)], 7: [(2, 1), (4, 4), (5, 2), (7, 3), (9, 1), (10, 1), (11, 1), (12, 1), (16, 1), (17, 1), (23, 6), (26, 1), (28, 2), (30, 2), (31, 1), (34, 1), (35, 1), (36, 5)]}","{1: 15, 2: 29, 3: 23, 4: 27, 5: 33, 6: 34, 7: 35}",0.0001752129149797209,-3.7564338850531844,0.5,-0.3010299956639812,3.2279,1
Nimbus,"{1: [(5, 1), (9, 1), (10, 8), (11, 3), (13, 3)], 2: [(1, 1), (4, 2), (7, 2), (8, 2), (14, 1)], 3: [(1, 1), (4, 1), (6, 1), (9, 6), (10, 2), (11, 1), (12, 1), (13, 2), (15, 1)], 5: [(9, 1)]}","{1: 16, 2: 8, 3: 16, 5: 1}",3.665168119473753e-05,-4.435906099689925,0.10101010101010101,-0.9956351945975499,1.8573,1
Myrtle,"{2: [(8, 13), (9, 9), (10, 1), (12, 4), (13, 9), (15, 1), (16, 7), (17, 2), (18, 1)], 4: [(22, 1), (25, 24), (26, 3)], 6: [(5, 1), (15, 1), (21, 6), (24, 8)]}","{2: 47, 4: 28, 6: 16}",8.134885338344184e-05,-4.0896485640885665,0.08080808080808081,-1.0925452076056064,2.2148,2
Dudley,"{1: [(1, 8), (2, 42), (3, 43), (4, 11), (5, 4), (6, 4), (7, 2), (9, 1), (17, 2)], 2: [(1, 26), (2, 2), (3, 2), (4, 1), (11, 1), (13, 1), (18, 1)], 3: [(1, 3), (2, 17)], 4: [(2, 3), (3, 12), (4, 25), (20, 1), (23, 1), (25, 1)], 5: [(1, 48), (2, 38), (3, 3), (5, 1), (8, 2), (19, 1), (24, 1), (26, 1), (38, 2)], 6: [(3, 9)], 7: [(3, 35), (4, 2), (7, 1), (10, 1), (23, 4)]}","{1: 117, 2: 34, 3: 20, 4: 43, 5: 97, 6: 9, 7: 43}",0.0003245014700899933,-3.488783331373548,0.19696969696969696,-0.7056005832350319,2.3711,1
cat,"{1: [(1, 20), (5, 1), (8, 2)], 2: [(2, 3), (8, 5), (9, 9), (12, 2), (17, 3)], 3: [(3, 1), (4, 3), (6, 1), (8, 2), (10, 1), (11, 2), (12, 1), (13, 1), (14, 3), (15, 1), (17, 6), (19, 3), (21, 1), (22, 1)], 4: [(2, 1), (5, 2), (11, 1), (25, 3)], 5: [(1, 2), (2, 3), (3, 1), (4, 1), (5, 1), (8, 1), (10, 1), (14, 2), (22, 1)], 6: [(5, 1), (7, 1), (14, 1), (18, 1), (20, 3), (27, 1)], 7: [(6, 1), (9, 1), (10, 2), (13, 4), (17, 1), (28, 2)]}","{1: 23, 2: 22, 3: 27, 4: 7, 5: 13, 6: 8, 7: 11}",9.922772225892357e-05,-4.003366977623003,0.23737373737373738,-0.6245673323258136,3.5294,1
tiger,"{2: [(3, 1)], 3: [(4, 1)]}","{2: 1, 3: 1}",1.7878868875481724e-06,-5.747659960745679,0.010101010101010102,-1.99563519459755,2.9759,2
pig,"{1: [(2, 1), (4, 2), (8, 1), (9, 3), (10, 1)], 3: [(11, 1)], 4: [(3, 5), (5, 3), (28, 1)], 5: [(1, 2), (5, 1), (10, 2)], 6: [(9, 1)], 7: [(22, 1), (33, 1)]}","{1: 8, 3: 1, 4: 9, 5: 5, 6: 1, 7: 2}",2.324252953812624e-05,-4.633716608438842,0.07575757575757576,-1.1205739312058498,3.3004,1
horse,"{1: [(4, 1), (15, 1), (16, 2)], 2: [(1, 1), (11, 1)], 3: [(2, 1), (5, 1), (6, 1), (21, 2)], 4: [(15, 1), (27, 1)], 5: [(10, 6), (14, 4), (21, 5), (26, 1), (27, 1), (33, 1), (34, 3)], 6: [(10, 3), (13, 1), (15, 1), (25, 1)], 7: [(16, 1)]}","{1: 4, 2: 2, 3: 5, 4: 2, 5: 21, 6: 6, 7: 1}",3.665168119473753e-05,-4.435906099689925,0.11616161616161616,-0.9349373542439382,3.6756,1
death,"{1: [(2, 1), (7, 1), (8, 2), (9, 1), (15, 1), (16, 1), (17, 3)], 2: [(2, 1), (9, 1), (10, 1), (13, 2), (15, 1), (16, 1)], 3: [(4, 4), (6, 6), (10, 3), (14, 1), (15, 1), (19, 3), (20, 2), (21, 1)], 4: [(1, 2), (9, 8), (10, 1), (12, 2), (13, 1), (14, 2), (18, 2), (19, 3), (21, 2), (22, 1), (25, 2), (26, 1), (27, 8), (30, 5), (31, 2), (33, 26), (34, 18), (35, 13), (36, 8), (37, 3)], 5: [(1, 3), (2, 1), (3, 1), (4, 2), (5, 5), (6, 5), (9, 5), (11, 1), (12, 4), (13, 1), (14, 2), (15, 1), (16, 3), (19, 1), (20, 5), (21, 2), (22, 1), (25, 20), (26, 8), (30, 1), (32, 1), (35, 68), (36, 8), (37, 3), (38, 8)], 6: [(1, 1), (2, 5), (3, 6), (4, 10), (5, 6), (6, 3), (7, 6), (8, 3), (9, 2), (10, 1), (11, 4), (12, 8), (13, 3), (15, 1), (16, 3), (17, 5), (19, 2), (20, 3), (22, 1), (23, 9), (26, 2), (27, 14), (28, 20), (29, 20), (30, 6)], 7: [(1, 4), (2, 3), (3, 1), (4, 30), (5, 13), (6, 7), (8, 1), (9, 16), (10, 8), (11, 13), (12, 6), (14, 5), (15, 5), (16, 10), (17, 2), (18, 8), (20, 2), (21, 25), (22, 19), (23, 5), (24, 2), (25, 1), (26, 6), (27, 1), (28, 18), (29, 2), (30, 7), (31, 5), (32, 20), (33, 9), (34, 9), (35, 12), (36, 30)]}","{1: 10, 2: 7, 3: 21, 4: 110, 5: 160, 6: 144, 7: 305}",0.0006767151869369833,-3.1695940769095876,0.6262626262626263,-0.203243505099296,4.0434,1
honesty,"{4: [(27, 1)], 6: [(7, 1), (14, 1), (20, 1)]}","{4: 1, 6: 3}",3.575773775096345e-06,-5.446629965081698,0.020202020202020204,-1.6946051989335686,2.567,4
beetle,"{1: [(4, 1), (5, 1)], 2: [(4, 1), (6, 4)], 3: [(6, 1)], 4: [(18, 1), (23, 3), (24, 1), (26, 2), (28, 1), (37, 7)], 5: [(13, 1), (25, 1)], 6: [(11, 1)], 7: [(2, 1)]}","{1: 2, 2: 5, 3: 1, 4: 15, 5: 2, 6: 1, 7: 1}",2.4136472981900327e-05,-4.617326192250673,0.07575757575757576,-1.1205739312058498,2.0253,1
squirrel,"{4: [(15, 1)], 7: [(18, 1)]}","{4: 1, 7: 1}",1.7878868875481724e-06,-5.747659960745679,0.010101010101010102,-1.99563519459755,2.4472,4
badger,"{1: [(3, 1)], 2: [(11, 1)], 4: [(15, 2), (37, 1)], 5: [(31, 2)], 6: [(20, 1)], 7: [(26, 1), (29, 1)]}","{1: 1, 2: 1, 4: 3, 5: 2, 6: 1, 7: 2}",8.939434437740861e-06,-5.04868995640966,0.04040404040404041,-1.3935752032695874,1.9542,1
moose,{},{},0.0,,0.0,,2.4518,
Duke,{},{},0.0,,0.0,,3.1065,
Baron,"{1: [(7, 1), (10, 1), (16, 3)], 2: [(8, 1)], 4: [(12, 2), (21, 1)], 5: [(11, 1), (14, 1)], 6: [(23, 4)], 7: [(31, 4)]}","{1: 5, 2: 1, 4: 3, 5: 2, 6: 4, 7: 4}",1.6984925431707637e-05,-4.7699363554568315,0.050505050505050504,-1.2966651902615312,2.8376,1
Prince,"{1: [(8, 1)], 5: [(37, 1)], 6: [(9, 2), (10, 4), (11, 1), (12, 7), (14, 1), (15, 3), (16, 7), (18, 4), (19, 1), (21, 3), (24, 5), (25, 12), (28, 2), (30, 7)]}","{1: 1, 5: 1, 6: 59}",5.4530550070219254e-05,-4.263360121398893,0.08080808080808081,-1.0925452076056064,3.3617,1
checkers,{},{},0.0,,0.0,,1.9868,
Hollow,"{1: [(1, 1)], 2: [(5, 1), (15, 8), (17, 1)], 3: [(5, 1), (10, 1)], 4: [(9, 1), (21, 1)], 5: [(4, 1), (14, 1), (17, 1), (18, 1), (19, 1), (30, 1), (37, 2)], 6: [(6, 1), (13, 1), (14, 1), (20, 1), (21, 1), (29, 1), (30, 2)], 7: [(5, 1), (6, 4), (8, 4), (10, 5), (11, 4), (15, 1), (16, 13), (17, 2), (18, 8), (19, 2), (20, 5), (21, 1), (22, 4), (31, 2), (34, 1), (35, 2)]}","{1: 1, 2: 10, 3: 2, 4: 2, 5: 8, 6: 8, 7: 59}",8.045490993966776e-05,-4.094447446970335,0.1919191919191919,-0.716881593644721,2.7938,1
lion,"{1: [(3, 1), (11, 1), (17, 1)], 3: [(11, 1), (15, 1)], 4: [(15, 2), (31, 1)], 5: [(9, 1), (19, 2)], 6: [(1, 1), (14, 1)], 7: [(29, 1)]}","{1: 3, 3: 2, 4: 3, 5: 3, 6: 2, 7: 1}",1.2515208212837206e-05,-4.902561920731422,0.06060606060606061,-1.2174839442139063,2.8943,1
cockroach,"{3: [(7, 1), (10, 2)], 4: [(29, 2)], 6: [(12, 1)], 7: [(19, 1), (36, 1)]}","{3: 3, 4: 2, 6: 1, 7: 2}",7.15154755019269e-06,-5.145599969417717,0.030303030303030304,-1.5185139398778875,2.243,3
stag,"{3: [(21, 1), (22, 2)], 4: [(31, 2)], 5: [(1, 5), (3, 1), (8, 2), (16, 1), (31, 1)], 7: [(11, 1), (13, 4), (19, 1), (28, 8), (32, 1), (36, 1)]}","{3: 3, 4: 2, 5: 10, 7: 16}",2.7712246756996673e-05,-4.557328262575388,0.0707070707070707,-1.1505371545832932,1.9138,3
lizard,"{2: [(8, 1)], 4: [(19, 1), (20, 1)]}","{2: 1, 4: 2}",2.6818303313222587e-06,-5.571568701689998,0.015151515151515152,-1.8195439355418686,2.3945,2
Elder,"{2: [(3, 1), (4, 1)], 5: [(4, 1)], 6: [(14, 1)], 7: [(6, 1), (21, 12), (22, 9), (24, 9), (25, 2), (27, 2), (28, 1), (32, 10), (33, 1), (34, 3), (35, 6), (36, 12)]}","{2: 2, 5: 1, 6: 1, 7: 68}",6.43639279517342e-05,-4.191357459978392,0.08080808080808081,-1.0925452076056064,2.5563,2
ghost,"{1: [(7, 11), (8, 1), (12, 1), (16, 2)], 2: [(3, 1), (8, 9), (9, 1), (11, 1), (12, 1), (14, 1), (16, 1), (17, 1)], 3: [(8, 1), (19, 1), (21, 1)], 4: [(9, 1), (12, 2), (15, 1), (20, 1), (21, 2), (22, 1), (25, 1), (33, 1), (34, 4), (36, 1)], 5: [(3, 1), (11, 3), (12, 1), (38, 2)], 6: [(7, 1), (8, 1), (13, 1), (19, 1), (21, 5), (23, 1)], 7: [(25, 2), (27, 1), (29, 1), (31, 6), (34, 1)]}","{1: 15, 2: 16, 3: 3, 4: 15, 5: 7, 6: 10, 7: 11}",6.883364517060464e-05,-4.162199231237179,0.20202020202020202,-0.6946051989335688,3.2711,1
leprechaun,"{4: [(9, 2), (12, 1), (28, 3), (37, 1)], 7: [(26, 1)]}","{4: 7, 7: 1}",7.15154755019269e-06,-5.145599969417717,0.025252525252525252,-1.5976951859255124,1.9031,4
troll,"{1: [(7, 1), (10, 23), (11, 3), (15, 1), (16, 1), (17, 2)], 4: [(7, 2), (12, 1)], 5: [(10, 1), (15, 1), (18, 1), (21, 1), (30, 1), (31, 2), (33, 1)], 6: [(5, 1), (18, 1), (19, 1), (24, 1)], 7: [(10, 1), (19, 1), (31, 1)]}","{1: 31, 4: 3, 5: 8, 6: 4, 7: 3}",4.3803228744930225e-05,-4.3584938763811465,0.1111111111111111,-0.9542425094393249,2.143,1
vampire,"{1: [(8, 1)], 2: [(10, 1)], 3: [(3, 1), (14, 3), (22, 1)], 4: [(9, 1)], 5: [(20, 1)], 6: [(15, 5)]}","{1: 1, 2: 1, 3: 5, 4: 1, 5: 1, 6: 5}",1.2515208212837206e-05,-4.902561920731422,0.04040404040404041,-1.3935752032695874,2.9518,1
nose,"{1: [(1, 2), (2, 2), (4, 1), (5, 4), (6, 8), (7, 2), (8, 2), (9, 1), (10, 5), (11, 1), (12, 1), (15, 1), (17, 1)], 2: [(2, 1), (3, 1), (4, 3), (5, 5), (6, 1), (7, 1), (8, 4), (9, 1), (10, 3), (11, 2), (12, 5), (13, 5), (15, 1), (16, 1), (17, 1), (18, 1)], 3: [(1, 1), (5, 3), (7, 1), (10, 3), (11, 2), (14, 3), (15, 2), (17, 1), (19, 2)], 4: [(1, 1), (2, 1), (7, 1), (8, 7), (9, 2), (12, 4), (13, 2), (15, 2), (18, 4), (19, 1), (21, 2), (22, 3), (23, 3), (24, 1), (25, 2), (26, 3), (29, 2), (30, 5), (31, 3), (32, 1), (33, 1), (35, 2)], 5: [(1, 2), (3, 1), (4, 3), (5, 4), (6, 3), (8, 1), (9, 5), (11, 1), (12, 3), (13, 3), (14, 1), (15, 1), (16, 4), (17, 1), (18, 3), (19, 2), (21, 2), (22, 1), (23, 3), (25, 3), (26, 2), (27, 4), (28, 8), (30, 5), (31, 4), (35, 5), (36, 1), (38, 2)], 6: [(1, 3), (2, 2), (3, 4), (5, 1), (6, 1), (7, 2), (8, 10), (10, 3), (11, 2), (12, 3), (13, 1), (14, 1), (15, 3), (16, 1), (18, 1), (22, 2), (25, 1), (26, 1), (27, 2), (28, 2), (29, 1), (30, 2)], 7: [(2, 1), (4, 2), (6, 3), (7, 3), (8, 4), (9, 1), (10, 2), (11, 5), (13, 2), (17, 2), (18, 1), (19, 2), (20, 2), (22, 1), (24, 1), (26, 3), (28, 2), (29, 1), (33, 2), (35, 2)]}","{1: 31, 2: 36, 3: 18, 4: 53, 5: 78, 6: 49, 7: 42}",0.0002744406372386445,-3.561551580932474,0.6565656565656566,-0.18272183795469432,3.5512,1
ear,"{1: [(3, 1), (7, 3), (8, 1), (11, 1), (14, 2), (16, 1), (17, 1)], 2: [(3, 2), (4, 1), (5, 2), (6, 1), (8, 2), (9, 1), (10, 2), (11, 3), (12, 3), (14, 1), (18, 1)], 3: [(1, 1), (3, 1), (4, 1), (5, 2), (7, 1), (9, 2), (11, 1), (12, 2), (13, 2), (14, 2), (15, 1), (19, 1), (21, 3), (22, 1)], 4: [(1, 5), (4, 1), (15, 1), (17, 2), (28, 1), (30, 1), (33, 1), (34, 1), (37, 1)], 5: [(1, 2), (3, 1), (4, 5), (7, 2), (8, 1), (10, 2), (11, 2), (14, 1), (18, 3), (19, 1), (20, 1), (21, 1), (22, 2), (26, 1), (29, 1), (30, 2), (33, 2), (35, 7)], 6: [(1, 1), (5, 1), (6, 1), (9, 1), (15, 4), (18, 3), (19, 1), (23, 1), (24, 2), (30, 1)], 7: [(4, 1), (5, 7), (12, 1), (13, 1), (15, 2), (20, 2), (23, 2), (26, 6), (31, 1), (36, 2)]}","{1: 10, 2: 19, 3: 21, 4: 14, 5: 37, 6: 16, 7: 25}",0.00012693996901592025,-3.896401612026604,0.398989898989899,-0.39903809897108966,3.213,1
socks,"{1: [(2, 1), (3, 1), (10, 1), (12, 2)], 2: [(4, 1), (5, 1), (11, 1), (12, 1), (16, 1)], 3: [(2, 1), (5, 1), (11, 6)], 4: [(10, 2), (12, 1), (16, 1), (21, 1), (23, 9), (26, 2), (27, 1), (28, 2)], 5: [(3, 2), (5, 1), (9, 2), (12, 1), (14, 1), (16, 1), (18, 2), (28, 1)], 6: [(9, 1), (16, 1), (18, 1), (21, 1), (22, 1), (25, 3)], 7: [(2, 2), (6, 1), (9, 1), (24, 1)]}","{1: 5, 2: 5, 3: 8, 4: 19, 5: 11, 6: 8, 7: 5}",5.4530550070219254e-05,-4.263360121398893,0.1919191919191919,-0.716881593644721,2.9699,1
blankets,"{1: [(1, 5), (3, 1)], 2: [(14, 1), (16, 1)], 3: [(1, 2), (4, 1)], 4: [(6, 1), (21, 1), (26, 1), (27, 1)], 5: [(23, 2)], 6: [(13, 2)], 7: [(10, 3), (15, 1), (17, 2), (19, 2)]}","{1: 6, 2: 2, 3: 3, 4: 4, 5: 2, 6: 2, 7: 8}",2.4136472981900327e-05,-4.617326192250673,0.08080808080808081,-1.0925452076056064,2.4166,1
gold,"{1: [(2, 1), (5, 9), (6, 2), (7, 2), (9, 1), (10, 2), (11, 4), (12, 2), (13, 3), (17, 3)], 2: [(3, 2), (4, 3), (6, 1), (7, 3), (8, 2), (10, 1), (12, 1), (13, 3), (17, 2)], 3: [(1, 3), (3, 3), (4, 4), (5, 1), (6, 1), (9, 1), (11, 1), (13, 3), (14, 1), (21, 3), (22, 2)], 4: [(1, 1), (2, 1), (7, 5), (8, 12), (9, 1), (10, 1), (15, 1), (18, 3), (19, 1), (20, 2), (21, 1), (23, 2), (26, 2), (27, 1), (28, 8), (29, 3), (30, 5), (34, 1), (36, 5), (37, 5)], 5: [(2, 1), (3, 1), (5, 2), (6, 4), (9, 4), (10, 3), (12, 4), (16, 2), (17, 1), (19, 4), (22, 3), (23, 3), (28, 2), (30, 5), (31, 1), (34, 1), (36, 2)], 6: [(3, 1), (4, 1), (6, 3), (7, 2), (8, 1), (9, 2), (10, 4), (13, 5), (14, 2), (15, 2), (16, 3), (17, 1), (18, 2), (19, 1), (20, 1), (23, 1), (25, 1), (26, 2)], 7: [(2, 2), (4, 1), (5, 1), (7, 5), (8, 2), (10, 2), (12, 2), (13, 2), (14, 2), (15, 1), (16, 1), (17, 1), (18, 1), (19, 1), (23, 5), (24, 4), (25, 4), (26, 10), (27, 1), (29, 1), (30, 1), (34, 1), (36, 1)]}","{1: 29, 2: 18, 3: 23, 4: 61, 5: 43, 6: 35, 7: 52}",0.0002333192388250365,-3.6320494490713795,0.5454545454545454,-0.26324143477458145,3.605,1
liquid,"{1: [(4, 1)], 2: [(5, 1)], 3: [(4, 1)], 4: [(13, 2), (15, 1), (20, 1), (28, 1), (30, 2), (32, 2), (35, 2), (36, 1)], 5: [(6, 2), (10, 1), (15, 1), (22, 1), (24, 1), (26, 1), (28, 1), (32, 1), (34, 2), (35, 1)], 6: [(1, 1), (3, 1), (4, 1), (9, 4), (10, 1), (18, 1), (24, 1), (26, 2)], 7: [(4, 1), (32, 1)]}","{1: 1, 2: 1, 3: 1, 4: 12, 5: 12, 6: 12, 7: 2}",3.665168119473753e-05,-4.435906099689925,0.15656565656565657,-0.8053034964272584,2.5977,1
clothing,"{4: [(4, 1)], 6: [(12, 1)], 7: [(2, 1), (12, 1), (17, 1), (19, 1), (27, 1)]}","{4: 1, 6: 1, 7: 5}",6.257604106418603e-06,-5.203591916395403,0.03535353535353535,-1.4515671502472742,2.7435,4
feathers,"{1: [(5, 2), (14, 1), (16, 2)], 2: [(2, 1), (6, 1), (12, 3), (17, 4)], 3: [(1, 1), (6, 4)], 4: [(21, 1), (22, 1), (27, 1)], 5: [(1, 1), (2, 1), (3, 1), (4, 1), (17, 2), (34, 1)], 6: [(3, 1), (4, 2)]}","{1: 5, 2: 9, 3: 5, 4: 3, 5: 7, 6: 3}",2.860619020077076e-05,-4.543539978089754,0.10101010101010101,-0.9956351945975499,2.4654,1
snitch,"{1: [(10, 4), (11, 8), (13, 4), (17, 2)], 2: [(7, 3), (10, 10)], 3: [(8, 1), (9, 11), (12, 1), (13, 15), (15, 12), (22, 1)], 4: [(7, 2), (8, 10), (37, 1)], 5: [(14, 5), (18, 1), (19, 16), (25, 1), (26, 3), (28, 6), (29, 1), (31, 1), (35, 1)], 6: [(14, 6), (16, 1), (19, 3), (24, 1)], 7: [(7, 23), (16, 1), (18, 1), (19, 1), (20, 1), (22, 8), (23, 1), (34, 3), (36, 1)]}","{1: 18, 2: 13, 3: 41, 4: 13, 5: 35, 6: 11, 7: 40}",0.00015286432888536873,-3.8156938460175067,0.18686868686868688,-0.7284634661945361,2.2095,1
basilisk,"{2: [(16, 14), (17, 13), (18, 2)], 4: [(17, 1)], 5: [(9, 1), (15, 1), (16, 1), (32, 1)], 7: [(6, 5), (15, 1), (22, 1), (31, 3)]}","{2: 29, 4: 1, 5: 4, 7: 10}",3.9333511526059796e-05,-4.405237279923473,0.06060606060606061,-1.2174839442139063,1.0414,2
Hagrid,"{1: [(1, 11), (4, 38), (5, 99), (6, 11), (7, 4), (8, 23), (9, 2), (11, 16), (12, 19), (14, 42), (15, 43), (16, 16), (17, 12)], 2: [(1, 1), (2, 1), (4, 18), (5, 1), (7, 27), (11, 3), (12, 8), (13, 2), (14, 40), (15, 22), (16, 2), (17, 7), (18, 1)], 3: [(1, 6), (3, 2), (4, 2), (5, 9), (6, 51), (7, 2), (8, 1), (10, 12), (11, 41), (12, 2), (13, 1), (14, 16), (15, 6), (16, 30), (17, 3), (21, 20), (22, 7)], 4: [(3, 2), (11, 3), (12, 6), (13, 15), (15, 9), (16, 30), (17, 1), (18, 8), (19, 49), (20, 8), (21, 22), (22, 11), (23, 15), (24, 62), (25, 1), (26, 10), (28, 39), (29, 4), (31, 6), (35, 1), (36, 2), (37, 18)], 5: [(6, 1), (9, 2), (10, 5), (11, 2), (12, 2), (13, 11), (14, 4), (15, 6), (16, 2), (17, 2), (20, 112), (21, 41), (23, 1), (25, 23), (26, 1), (27, 11), (28, 1), (29, 5), (30, 115), (31, 27), (32, 2), (33, 4), (38, 12)], 6: [(3, 3), (6, 16), (7, 1), (8, 11), (9, 2), (11, 27), (12, 7), (13, 1), (15, 1), (17, 3), (19, 22), (22, 49), (28, 30), (29, 11), (30, 8)], 7: [(2, 1), (3, 1), (4, 42), (5, 39), (6, 2), (7, 10), (8, 4), (14, 1), (15, 3), (16, 1), (17, 1), (22, 2), (24, 1), (26, 1), (27, 1), (28, 1), (31, 10), (32, 12), (34, 5), (36, 13)]}","{1: 336, 2: 133, 3: 211, 4: 322, 5: 392, 6: 192, 7: 151}",0.0015527797618355877,-2.8088901379625617,0.6212121212121212,-0.20676007882213318,1.8388,1
Dobby,"{2: [(2, 66), (3, 3), (4, 1), (10, 39), (11, 4), (16, 1), (18, 26)], 4: [(8, 14), (9, 2), (16, 1), (21, 77), (23, 22), (26, 25), (27, 3), (28, 15), (29, 1), (35, 1), (36, 1)], 5: [(1, 4), (18, 31), (21, 3), (23, 2), (27, 15)], 6: [(17, 1), (19, 16), (21, 21)], 7: [(23, 16), (24, 14), (25, 1), (26, 1), (28, 1)]}","{2: 140, 4: 162, 5: 55, 6: 38, 7: 33}",0.0003826077939353089,-3.4172461873964886,0.15656565656565657,-0.8053034964272584,1.7559,2
Snape,"{1: [(7, 5), (8, 17), (9, 1), (10, 5), (11, 25), (12, 11), (13, 33), (14, 6), (15, 6), (16, 20), (17, 15)], 2: [(1, 1), (5, 19), (7, 2), (9, 13), (11, 33), (13, 6), (14, 2), (15, 5), (16, 4)], 3: [(1, 1), (5, 5), (7, 34), (8, 13), (9, 23), (10, 3), (11, 5), (12, 2), (14, 43), (15, 1), (16, 2), (18, 11), (19, 22), (20, 6), (21, 22), (22, 14)], 4: [(12, 3), (13, 2), (14, 5), (15, 2), (17, 8), (18, 20), (20, 1), (22, 2), (23, 7), (25, 41), (26, 13), (27, 51), (28, 11), (29, 1), (30, 7), (31, 2), (35, 11), (36, 15), (37, 5)], 5: [(4, 4), (6, 2), (12, 19), (13, 3), (15, 5), (16, 1), (17, 19), (19, 3), (24, 87), (25, 8), (26, 27), (27, 1), (28, 59), (29, 24), (30, 1), (31, 5), (32, 20), (37, 20), (38, 11)], 6: [(2, 59), (4, 3), (8, 25), (9, 27), (10, 1), (11, 5), (12, 4), (13, 2), (15, 22), (16, 14), (17, 7), (18, 5), (19, 12), (21, 17), (24, 29), (25, 22), (26, 1), (27, 9), (28, 34), (29, 30), (30, 12)], 7: [(1, 22), (2, 1), (5, 1), (6, 2), (9, 9), (10, 2), (11, 2), (12, 12), (14, 2), (15, 12), (16, 4), (22, 1), (23, 1), (24, 4), (27, 3), (28, 1), (29, 3), (30, 16), (31, 2), (32, 23), (33, 120), (34, 1), (35, 1), (36, 9)]}","{1: 144, 2: 85, 3: 207, 4: 207, 5: 319, 6: 340, 7: 254}",0.001390975998512478,-2.85668036375599,0.601010101010101,-0.22111822886900037,1.4472,1
Hermes,"{2: [(3, 1)], 3: [(5, 1)], 4: [(5, 1)], 5: [(14, 2)]}","{2: 1, 3: 1, 4: 1, 5: 2}",4.469717218870431e-06,-5.349719952073642,0.020202020202020204,-1.6946051989335686,1.4624,2
Crouch,"{2: [(15, 1)], 3: [(17, 1)], 4: [(5, 9), (7, 17), (8, 1), (9, 32), (10, 5), (11, 1), (16, 7), (17, 8), (18, 1), (20, 1), (21, 10), (23, 5), (24, 5), (25, 14), (26, 4), (27, 35), (28, 43), (29, 18), (30, 43), (31, 5), (35, 10), (36, 16)], 5: [(4, 4), (6, 1), (20, 1)], 6: [(16, 1)], 7: [(6, 1)]}","{2: 1, 3: 1, 4: 290, 5: 6, 6: 1, 7: 1}",0.0002681830331322259,-3.5715687016899977,0.14646464646464646,-0.8342671923625751,1.5911,2
Dumbledore,"{1: [(1, 36), (4, 9), (5, 4), (6, 9), (7, 9), (9, 2), (10, 1), (11, 3), (12, 10), (13, 8), (14, 4), (15, 2), (16, 15), (17, 31)], 2: [(2, 4), (4, 2), (5, 12), (6, 1), (7, 1), (8, 2), (9, 15), (10, 9), (11, 2), (12, 12), (13, 6), (14, 18), (15, 4), (16, 2), (17, 8), (18, 43)], 3: [(4, 4), (5, 12), (6, 1), (8, 10), (9, 13), (10, 11), (11, 15), (13, 1), (14, 3), (15, 1), (16, 4), (17, 2), (18, 5), (19, 1), (21, 29), (22, 37)], 4: [(2, 6), (5, 1), (10, 1), (11, 2), (12, 24), (13, 2), (14, 3), (15, 15), (16, 35), (17, 26), (18, 13), (19, 1), (20, 4), (21, 11), (22, 1), (23, 10), (24, 22), (25, 4), (26, 8), (27, 8), (28, 53), (29, 14), (30, 76), (31, 7), (33, 6), (34, 2), (35, 54), (36, 96), (37, 28)], 5: [(1, 1), (2, 19), (3, 1), (4, 19), (5, 24), (6, 8), (7, 1), (8, 45), (9, 16), (10, 2), (11, 25), (12, 6), (13, 15), (14, 10), (15, 7), (16, 6), (17, 2), (18, 8), (19, 1), (20, 15), (21, 1), (22, 56), (23, 12), (24, 11), (25, 9), (26, 13), (27, 56), (28, 9), (29, 5), (30, 4), (31, 5), (32, 9), (35, 7), (36, 42), (37, 89), (38, 8)], 6: [(1, 4), (2, 12), (3, 58), (4, 90), (5, 15), (6, 3), (7, 2), (8, 19), (9, 4), (10, 45), (11, 3), (12, 10), (13, 95), (14, 1), (15, 2), (16, 15), (17, 49), (18, 4), (19, 14), (20, 73), (21, 8), (22, 4), (23, 43), (24, 2), (25, 40), (26, 114), (27, 81), (28, 14), (29, 29), (30, 31)], 7: [(2, 34), (3, 1), (4, 2), (5, 7), (6, 16), (7, 27), (8, 16), (9, 4), (10, 24), (11, 14), (12, 5), (13, 6), (14, 6), (15, 19), (16, 21), (17, 6), (18, 43), (19, 2), (20, 21), (21, 1), (22, 13), (23, 1), (24, 10), (25, 7), (27, 8), (28, 11), (29, 5), (30, 1), (31, 7), (32, 2), (33, 57), (34, 8), (35, 64), (36, 18)]}","{1: 143, 2: 141, 3: 149, 4: 533, 5: 567, 6: 884, 7: 487}",0.0025960117607199463,-2.585693344381604,0.8838383838383839,-0.05362714157523665,1.6532,1
Mark,"{1: [(4, 1), (6, 1), (14, 1), (17, 2)], 2: [(7, 1), (10, 1), (11, 1), (16, 1)], 3: [(4, 1), (9, 1), (13, 1), (21, 1)], 4: [(9, 21), (10, 4), (12, 1), (19, 1), (24, 1), (25, 1), (27, 6), (30, 1), (33, 4), (35, 3), (36, 5), (37, 1)], 5: [(1, 1), (2, 1), (6, 2), (8, 1), (16, 1), (24, 2), (27, 1), (29, 1), (32, 1), (37, 3)], 6: [(1, 1), (2, 2), (3, 1), (4, 3), (6, 1), (7, 3), (8, 1), (9, 1), (13, 1), (14, 1), (17, 1), (20, 1), (21, 2), (23, 1), (24, 1), (27, 11), (28, 4), (29, 4)], 7: [(2, 2), (10, 1), (16, 7), (17, 1), (20, 4), (21, 1), (22, 2), (23, 5), (24, 1), (30, 4), (33, 2)]}","{1: 5, 2: 4, 3: 4, 4: 49, 5: 14, 6: 40, 7: 30}",0.0001305157427910166,-3.884337100625223,0.3181818181818182,-0.4973246408079494,3.6216,1
sickles,"{1: [(5, 2), (6, 1)], 2: [(4, 2)], 3: [(3, 1), (4, 1)], 4: [(7, 1), (14, 1), (15, 2), (21, 1)], 5: [(7, 1), (9, 1), (16, 2), (24, 1)], 6: [(6, 3)]}","{1: 3, 2: 2, 3: 2, 4: 5, 5: 5, 6: 3}",1.7878868875481723e-05,-4.747659960745679,0.0707070707070707,-1.1505371545832932,0.6021,1
Bard,"{7: [(7, 5), (11, 1), (16, 2), (20, 3), (21, 2), (22, 1)]}",{7: 14},1.2515208212837206e-05,-4.902561920731422,0.030303030303030304,-1.5185139398778875,1.6232,7
Quill,"{1: [(4, 1), (8, 1), (14, 2)], 2: [(4, 1), (8, 4), (10, 1), (12, 1), (13, 4), (18, 2)], 3: [(1, 6), (8, 2)], 4: [(2, 1), (3, 1), (7, 2), (10, 1), (11, 3), (14, 3), (16, 2), (18, 16), (19, 2), (20, 1), (24, 2), (26, 1), (29, 1), (30, 1), (37, 1)], 5: [(7, 1), (8, 1), (10, 2), (12, 3), (13, 13), (14, 6), (16, 4), (17, 2), (21, 4), (23, 2), (25, 5), (27, 1), (28, 4), (29, 1), (31, 1), (37, 1), (38, 1)], 6: [(1, 1), (15, 2), (17, 1), (21, 4)], 7: [(2, 2), (12, 1), (13, 2), (21, 1)]}","{1: 4, 2: 13, 3: 8, 4: 38, 5: 52, 6: 8, 7: 6}",0.00011531870424685712,-3.9381002461104115,0.25757575757575757,-0.5890950141635948,2.1461,1
diary,"{2: [(5, 1), (13, 28), (14, 3), (17, 17), (18, 17)], 4: [(30, 1)], 5: [(12, 2), (13, 3), (15, 3), (23, 2)], 6: [(9, 1), (17, 1), (23, 16)], 7: [(6, 6), (14, 1), (19, 1), (24, 1), (27, 2), (34, 1)]}","{2: 66, 4: 1, 5: 10, 6: 18, 7: 12}",9.565194848382723e-05,-4.019306178724451,0.09595959595959595,-1.017911589308702,2.6618,2
cloak,"{1: [(1, 9), (5, 1), (7, 1), (8, 1), (12, 20), (13, 2), (14, 6), (15, 4), (16, 11), (17, 2)], 2: [(7, 1), (14, 10), (15, 8), (18, 2)], 3: [(3, 9), (5, 4), (7, 1), (8, 1), (9, 1), (10, 3), (11, 2), (12, 2), (14, 12), (16, 11), (17, 8), (18, 2), (19, 2), (20, 1), (21, 7), (22, 2)], 4: [(1, 1), (2, 1), (4, 1), (10, 1), (11, 2), (12, 3), (16, 1), (17, 4), (19, 17), (20, 1), (21, 1), (23, 1), (24, 1), (25, 16), (26, 3), (27, 1), (28, 1), (30, 1), (32, 4), (35, 9), (36, 1)], 5: [(2, 1), (3, 2), (6, 1), (9, 3), (17, 4), (18, 3), (19, 1), (20, 12), (21, 3), (24, 2), (26, 1), (27, 2), (29, 6), (30, 1), (32, 9), (36, 2), (38, 3)], 6: [(1, 2), (2, 4), (3, 6), (4, 3), (5, 3), (6, 10), (7, 12), (8, 12), (12, 2), (15, 2), (16, 1), (17, 1), (18, 3), (20, 1), (21, 5), (22, 8), (23, 1), (25, 6), (26, 2), (27, 4), (28, 1), (29, 3)], 7: [(1, 1), (2, 1), (4, 2), (5, 1), (7, 1), (9, 9), (10, 4), (11, 3), (12, 13), (13, 10), (15, 2), (16, 7), (17, 9), (19, 3), (20, 3), (21, 16), (22, 12), (24, 2), (25, 3), (26, 6), (27, 3), (28, 7), (29, 2), (30, 9), (31, 2), (32, 11), (33, 2), (34, 10), (35, 12), (36, 8)]}","{1: 57, 2: 21, 3: 68, 4: 71, 5: 56, 6: 92, 7: 174}",0.00048183551619423244,-3.3171011912229216,0.6060606060606061,-0.21748394421390627,2.1875,1
egg,"{1: [(2, 1), (14, 6), (16, 2), (17, 1)], 2: [(1, 1), (6, 1), (15, 1), (16, 1)], 3: [(2, 1)], 4: [(11, 1), (17, 1), (20, 9), (21, 3), (22, 2), (23, 7), (24, 14), (25, 31), (26, 2), (28, 2), (31, 2)], 5: [(2, 1), (3, 1), (16, 1), (18, 1), (25, 1), (29, 4), (34, 2), (35, 1)], 6: [(9, 1), (11, 1), (18, 2), (22, 1)], 7: [(5, 1), (8, 1), (14, 1)]}","{1: 10, 2: 4, 3: 1, 4: 74, 5: 12, 6: 5, 7: 3}",9.74398353713754e-05,-4.0112634584690365,0.17676767676767677,-0.7525971459112555,3.1235,1
telescope,"{1: [(5, 2)], 5: [(3, 1), (31, 6)], 6: [(3, 4), (5, 3), (6, 1)], 7: [(13, 1), (24, 1)]}","{1: 2, 5: 7, 6: 8, 7: 2}",1.6984925431707637e-05,-4.7699363554568315,0.04040404040404041,-1.3935752032695874,2.179,1
robes,"{1: [(1, 1), (5, 4), (6, 7), (7, 2), (8, 1), (9, 2), (11, 4), (12, 1), (13, 2), (16, 1), (17, 1)], 2: [(1, 1), (3, 2), (4, 4), (5, 2), (6, 4), (7, 6), (8, 2), (10, 2), (11, 3), (12, 8), (13, 2), (14, 2), (15, 2), (16, 2), (17, 6)], 3: [(4, 2), (5, 4), (6, 1), (7, 5), (8, 2), (9, 3), (10, 4), (11, 1), (12, 1), (13, 5), (14, 5), (15, 2), (16, 2), (17, 2), (19, 4), (21, 3), (22, 2)], 4: [(2, 3), (4, 3), (7, 5), (8, 4), (9, 1), (10, 9), (11, 11), (12, 1), (13, 2), (14, 1), (15, 3), (16, 4), (17, 1), (18, 5), (20, 4), (21, 1), (22, 3), (23, 19), (24, 3), (25, 1), (26, 7), (27, 2), (28, 6), (29, 1), (30, 5), (31, 4), (32, 8), (33, 5), (35, 3), (36, 3), (37, 3)], 5: [(1, 2), (3, 3), (5, 1), (6, 1), (7, 3), (8, 2), (9, 8), (11, 5), (12, 5), (13, 2), (14, 5), (16, 1), (17, 3), (18, 3), (19, 2), (20, 3), (21, 4), (22, 3), (23, 1), (24, 1), (26, 6), (27, 5), (28, 7), (30, 2), (32, 3), (33, 2), (34, 5), (35, 8), (36, 1), (37, 3), (38, 3)], 6: [(1, 2), (2, 1), (3, 2), (5, 1), (6, 11), (7, 5), (8, 1), (9, 1), (11, 2), (13, 2), (14, 4), (15, 1), (17, 1), (18, 2), (19, 2), (20, 1), (23, 1), (26, 5), (27, 2), (29, 3), (30, 3)], 7: [(1, 1), (2, 1), (4, 1), (6, 1), (7, 1), (8, 9), (9, 4), (10, 1), (11, 1), (12, 14), (13, 2), (14, 2), (23, 3), (26, 4), (27, 1), (28, 1), (29, 1), (31, 2), (32, 2), (33, 5), (34, 1), (35, 2), (36, 6)]}","{1: 26, 2: 48, 3: 48, 4: 131, 5: 103, 6: 53, 7: 66}",0.00042462313579269095,-3.371996346784794,0.7525252525252525,-0.1234789218492571,2.0719,1
shoes,"{1: [(3, 1), (8, 1)], 2: [(12, 7), (18, 3)], 4: [(7, 1), (9, 1), (15, 1), (26, 1)], 5: [(8, 1), (13, 1), (22, 2), (24, 1), (28, 1)], 6: [(10, 1), (26, 1)], 7: [(4, 1), (6, 1), (8, 1), (11, 1), (12, 2), (14, 1), (24, 2)]}","{1: 2, 2: 10, 4: 4, 5: 6, 6: 2, 7: 9}",2.9500133644544845e-05,-4.530176016531773,0.1111111111111111,-0.9542425094393249,3.5778,1
fireworks,"{1: [(4, 1)], 2: [(4, 1), (5, 2), (11, 1), (18, 1)], 4: [(8, 1), (11, 2), (21, 1), (37, 1)], 5: [(28, 7)], 7: [(4, 1)]}","{1: 1, 2: 5, 4: 5, 5: 7, 7: 1}",1.6984925431707637e-05,-4.7699363554568315,0.05555555555555555,-1.255272505103306,2.4594,1
snowballs,"{1: [(12, 1)], 5: [(21, 1)]}","{1: 1, 5: 1}",1.7878868875481724e-06,-5.747659960745679,0.010101010101010102,-1.99563519459755,1.2788,1
Hallows,"{7: [(20, 1), (21, 14), (22, 28), (24, 6), (25, 1), (28, 1), (35, 17)]}",{7: 68},6.078815417663786e-05,-4.216181043703424,0.03535353535353535,-1.4515671502472742,1.1761,7
dwarf,"{1: [(16, 1)], 2: [(13, 6)]}","{1: 1, 2: 6}",6.257604106418603e-06,-5.203591916395403,0.010101010101010102,-1.99563519459755,2.1987,1
owl,"{1: [(1, 5), (4, 6), (5, 13), (6, 7), (9, 2), (10, 1), (12, 2), (13, 1), (14, 2), (16, 2), (17, 3)], 2: [(1, 3), (2, 3), (3, 3), (4, 2), (5, 2), (6, 1), (16, 1)], 3: [(1, 7), (3, 2), (4, 5), (5, 2), (14, 3), (15, 1), (22, 14)], 4: [(2, 2), (3, 9), (5, 2), (7, 1), (10, 3), (13, 2), (14, 1), (15, 3), (18, 7), (20, 1), (22, 1), (23, 2), (24, 2), (26, 5), (27, 1), (28, 7), (29, 10), (30, 1), (31, 2)], 5: [(1, 1), (2, 11), (3, 1), (4, 3), (6, 1), (7, 1), (8, 1), (9, 3), (10, 5), (12, 1), (14, 9), (15, 2), (17, 4), (18, 3), (21, 1), (23, 1), (25, 1), (26, 4), (27, 1), (28, 1), (31, 2)], 6: [(3, 5), (4, 1), (5, 2), (6, 2), (7, 2), (8, 1), (10, 1), (11, 3), (15, 1), (21, 1)], 7: [(2, 3), (3, 1), (4, 4), (5, 2), (18, 3), (19, 1), (20, 1), (21, 1), (25, 1), (33, 1), (36, 2)]}","{1: 44, 2: 15, 3: 34, 4: 62, 5: 57, 6: 19, 7: 20}",0.00022437980438729562,-3.6490162349286224,0.43434343434343436,-0.36216673901796337,2.4579,1
gnomes,"{2: [(3, 10)], 4: [(5, 2)], 7: [(6, 1), (8, 4)]}","{2: 10, 4: 2, 7: 5}",1.5197038544159465e-05,-4.818241035031386,0.020202020202020204,-1.6946051989335686,1.3222,2
gremlins,{},{},0.0,,0.0,,1.4314,
ogres,{},{},0.0,,0.0,,1.4624,
pixies,"{2: [(6, 7), (10, 1), (14, 1)], 3: [(7, 1)], 5: [(2, 1)]}","{2: 9, 3: 1, 5: 1}",9.833377881514949e-06,-5.007297271251435,0.025252525252525252,-1.5976951859255124,1.3222,2
ghouls,"{2: [(4, 1), (10, 2), (11, 1), (15, 1)], 7: [(6, 3)]}","{2: 5, 7: 3}",7.15154755019269e-06,-5.145599969417717,0.025252525252525252,-1.5976951859255124,1.6812,2
chess,"{1: [(12, 5), (13, 2), (16, 3), (17, 2)], 2: [(11, 1)], 3: [(11, 1)], 4: [(10, 1), (23, 2), (37, 1)], 5: [(24, 1), (31, 1), (38, 1)], 7: [(20, 1)]}","{1: 12, 2: 1, 3: 1, 4: 4, 5: 3, 7: 1}",1.9666755763029898e-05,-4.706267275587454,0.06565656565656566,-1.1827218379546942,2.5809,1
dice,{},{},0.0,,0.0,,2.7275,
Willow,"{1: [(5, 1)], 2: [(5, 5), (6, 2), (12, 1)], 3: [(4, 1), (9, 3), (10, 2), (15, 1), (16, 1), (17, 3), (18, 2), (19, 2), (21, 8)], 4: [(31, 1)], 5: [(30, 1)], 7: [(32, 2), (33, 1)]}","{1: 1, 2: 8, 3: 23, 4: 1, 5: 1, 7: 3}",3.307590741964119e-05,-4.480488232342665,0.08585858585858586,-1.0662162688832573,2.5038,1
Oracle,"{5: [(12, 5), (15, 3), (17, 3)]}",{5: 11},9.833377881514949e-06,-5.007297271251435,0.015151515151515152,-1.8195439355418686,2.0607,5
Prophet,"{1: [(5, 1), (6, 1), (8, 1)], 2: [(4, 2), (5, 1), (12, 2), (18, 1)], 3: [(1, 5), (3, 1), (4, 2), (5, 1), (7, 1), (12, 1), (19, 1), (22, 2)], 4: [(5, 1), (10, 6), (13, 2), (18, 4), (19, 4), (21, 2), (22, 1), (24, 5), (25, 1), (27, 1), (28, 3), (29, 1), (31, 5), (37, 1)], 5: [(1, 2), (4, 2), (5, 2), (6, 2), (7, 3), (9, 2), (10, 1), (11, 5), (12, 1), (14, 7), (15, 2), (17, 1), (18, 1), (22, 5), (25, 9), (26, 2), (27, 2), (35, 1), (38, 5)], 6: [(4, 4), (5, 1), (6, 1), (7, 5), (11, 4), (16, 2), (17, 2), (18, 1), (21, 2), (25, 1), (30, 2)], 7: [(1, 1), (2, 5), (6, 1), (8, 2), (11, 5), (12, 4), (15, 3), (19, 1), (22, 1), (23, 2)]}","{1: 3, 2: 6, 3: 14, 4: 37, 5: 55, 6: 25, 7: 25}",0.00014750066822272423,-3.831206012195754,0.3484848484848485,-0.45781609952427577,2.4362,1
cave,"{4: [(27, 11), (28, 1), (30, 1)], 5: [(20, 5), (38, 1)], 6: [(4, 1), (8, 1), (13, 2), (25, 3), (26, 8)], 7: [(10, 7), (14, 1), (22, 1), (27, 1), (28, 1), (30, 1), (31, 1)]}","{4: 13, 5: 6, 6: 15, 7: 13}",4.201534185738205e-05,-4.376592098473943,0.08585858585858586,-1.0662162688832573,2.8537,4
volcano,{},{},0.0,,0.0,,2.233,
wand,"{1: [(4, 1), (5, 28), (6, 7), (7, 2), (8, 3), (9, 4), (10, 11), (11, 2), (12, 1), (13, 1), (14, 1), (16, 2)], 2: [(1, 2), (3, 4), (4, 2), (5, 8), (6, 9), (7, 7), (8, 1), (9, 2), (10, 2), (11, 15), (12, 1), (13, 9), (14, 1), (15, 8), (16, 16), (17, 17), (18, 3)], 3: [(1, 4), (2, 1), (3, 9), (4, 2), (5, 2), (7, 9), (8, 1), (9, 4), (10, 8), (11, 1), (12, 7), (13, 5), (14, 5), (15, 2), (17, 24), (18, 2), (19, 14), (20, 8), (21, 5), (22, 1)], 4: [(1, 1), (2, 1), (4, 7), (5, 11), (6, 1), (7, 7), (8, 3), (9, 36), (10, 1), (11, 2), (13, 5), (14, 9), (15, 2), (16, 2), (18, 26), (19, 2), (20, 12), (22, 1), (23, 2), (24, 1), (25, 1), (26, 12), (27, 8), (28, 7), (29, 3), (30, 7), (31, 20), (32, 6), (33, 7), (34, 40), (35, 15), (36, 13), (37, 3)], 5: [(1, 18), (2, 17), (3, 24), (4, 4), (5, 3), (6, 4), (7, 7), (8, 2), (9, 4), (10, 3), (11, 4), (12, 9), (13, 2), (15, 1), (17, 2), (18, 15), (19, 3), (20, 1), (21, 4), (22, 11), (23, 3), (24, 22), (26, 9), (27, 6), (28, 21), (29, 4), (30, 4), (31, 10), (32, 13), (33, 10), (34, 9), (35, 44), (36, 10), (37, 3), (38, 4)], 6: [(1, 5), (2, 10), (3, 10), (4, 11), (5, 4), (6, 4), (7, 4), (8, 8), (9, 4), (10, 11), (11, 3), (12, 2), (13, 8), (14, 6), (16, 4), (17, 8), (18, 7), (19, 8), (20, 3), (21, 4), (22, 7), (24, 8), (25, 1), (26, 23), (27, 14), (28, 10), (29, 2), (30, 1)], 7: [(1, 14), (2, 2), (4, 11), (5, 14), (6, 6), (7, 10), (8, 8), (9, 14), (10, 5), (11, 14), (12, 9), (13, 12), (14, 13), (15, 4), (16, 4), (17, 32), (18, 8), (19, 26), (20, 10), (21, 32), (22, 24), (23, 32), (24, 60), (25, 8), (26, 38), (27, 5), (28, 8), (29, 3), (30, 17), (31, 10), (32, 38), (33, 8), (34, 12), (35, 30), (36, 45)]}","{1: 63, 2: 107, 3: 114, 4: 274, 5: 310, 6: 190, 7: 586}",0.0014696430215645976,-2.832788143205629,0.9090909090909091,-0.04139268515822506,2.1987,1
car,"{1: [(1, 3), (2, 8), (3, 5), (4, 3), (6, 1)], 2: [(1, 2), (3, 24), (5, 41), (6, 3), (7, 1), (12, 3), (15, 13)], 3: [(1, 4), (2, 7), (5, 2)], 4: [(4, 5), (13, 1), (37, 1)], 5: [(1, 3), (2, 1), (3, 5), (7, 1), (20, 1), (23, 3), (34, 1)], 6: [(6, 3), (7, 1), (8, 1)], 7: [(3, 3), (4, 5), (17, 1), (32, 1), (36, 2)]}","{1: 20, 2: 87, 3: 13, 4: 7, 5: 15, 6: 5, 7: 12}",0.0001421370075600797,-3.847292832089209,0.16666666666666666,-0.7781512503836436,4.3916,1
stairs,"{1: [(2, 1), (3, 1), (10, 2), (12, 2), (13, 1), (14, 1), (16, 2)], 2: [(1, 3), (2, 2), (3, 2), (5, 2), (7, 1), (8, 2), (9, 1), (10, 1), (11, 2), (13, 2), (14, 2), (16, 1), (18, 2)], 3: [(1, 2), (2, 2), (4, 2), (5, 1), (7, 2), (8, 1), (10, 2), (12, 1), (13, 1), (14, 1), (17, 1), (20, 1)], 4: [(1, 1), (2, 1), (3, 1), (4, 2), (5, 2), (6, 1), (8, 2), (9, 1), (10, 1), (11, 1), (12, 2), (13, 1), (17, 1), (18, 1), (19, 2), (23, 5), (25, 18), (26, 1), (28, 1), (35, 1), (36, 1)], 5: [(2, 1), (3, 6), (4, 5), (5, 2), (6, 2), (7, 1), (9, 6), (10, 1), (12, 2), (13, 3), (14, 2), (17, 1), (21, 2), (22, 4), (23, 2), (26, 3), (27, 1), (28, 3), (29, 2), (30, 1), (31, 2), (32, 1), (33, 1)], 6: [(2, 1), (3, 2), (12, 1), (13, 1), (14, 1), (15, 1), (21, 1), (22, 2), (24, 1), (25, 3), (27, 2), (29, 4)], 7: [(3, 2), (4, 2), (7, 2), (9, 1), (10, 6), (11, 4), (12, 2), (13, 2), (17, 1), (21, 9), (23, 2), (24, 2), (25, 2), (28, 2), (30, 6), (31, 2), (32, 3)]}","{1: 10, 2: 23, 3: 17, 4: 47, 5: 54, 6: 20, 7: 50}",0.00019756150107407304,-3.7042976827245497,0.5303030303030303,-0.27547589119159305,3.0839,1
luck,"{1: [(1, 1), (2, 1), (4, 1), (9, 1), (10, 1), (11, 1), (13, 2), (15, 1), (16, 1)], 2: [(1, 1), (5, 2), (8, 1), (10, 1), (12, 1), (16, 1), (17, 1)], 3: [(3, 1), (4, 1), (8, 1), (15, 1), (16, 1), (21, 2), (22, 1)], 4: [(9, 1), (11, 1), (18, 1), (19, 1), (20, 4), (24, 1), (25, 1), (26, 3), (28, 1), (29, 2), (30, 1), (31, 3), (36, 1)], 5: [(5, 1), (7, 2), (13, 1), (15, 2), (16, 1), (19, 4), (22, 1), (23, 1), (28, 1), (31, 2)], 6: [(1, 1), (2, 1), (9, 2), (10, 1), (11, 2), (13, 1), (17, 1), (18, 3), (19, 2), (20, 1), (21, 1), (22, 2), (24, 4), (27, 1)], 7: [(1, 1), (3, 1), (4, 1), (8, 1), (11, 1), (14, 1), (17, 1), (22, 1), (23, 3)]}","{1: 10, 2: 8, 3: 8, 4: 21, 5: 16, 6: 23, 7: 11}",8.671251404608636e-05,-4.061918222143415,0.3484848484848485,-0.45781609952427577,3.8944,1
clothes,"{1: [(1, 2), (2, 3), (3, 1), (5, 1), (6, 1)], 2: [(4, 1), (6, 1), (10, 1), (14, 1)], 3: [(7, 3), (8, 1)], 4: [(3, 1), (4, 1), (5, 1), (6, 1), (9, 4), (20, 1), (21, 5), (23, 1), (26, 1), (28, 2), (35, 1)], 5: [(3, 2), (6, 2), (13, 1), (16, 1), (18, 2), (22, 1), (23, 3), (28, 1), (31, 1), (38, 2)], 6: [(6, 3), (7, 1), (10, 1), (13, 1), (26, 3)], 7: [(4, 3), (6, 1), (8, 1), (9, 2), (17, 1), (19, 2), (20, 1), (21, 2), (28, 1), (33, 3), (34, 1)]}","{1: 8, 2: 4, 3: 4, 4: 19, 5: 16, 6: 9, 7: 18}",6.972758861437872e-05,-4.15659535371918,0.24242424242424243,-0.6154239528859439,3.7126,1
locket,"{5: [(6, 1)], 6: [(10, 1), (13, 2), (17, 2), (20, 8), (23, 2), (26, 2), (28, 3), (29, 1), (30, 4)], 7: [(2, 3), (6, 2), (7, 1), (10, 22), (11, 2), (12, 3), (13, 7), (14, 8), (15, 6), (17, 2), (19, 19), (20, 1), (27, 2), (30, 2), (31, 1), (36, 1)]}","{5: 1, 6: 25, 7: 82}",9.654589192760131e-05,-4.015266200922711,0.13131313131313133,-0.8816918422907131,1.9445,5
memories,"{2: [(13, 3), (16, 1), (18, 1)], 3: [(10, 1)], 4: [(9, 1), (13, 1), (14, 1), (27, 1), (30, 1), (36, 2), (37, 1)], 5: [(6, 1), (19, 1), (23, 1), (24, 4), (26, 6)], 6: [(1, 2), (4, 1), (10, 1), (13, 2), (17, 4), (20, 2), (22, 1)], 7: [(2, 1), (3, 1), (4, 1), (6, 1), (7, 1), (8, 2), (9, 1), (10, 2), (14, 1), (17, 2), (33, 2)]}","{2: 5, 3: 1, 4: 8, 5: 13, 6: 13, 7: 15}",4.916688940757474e-05,-4.308327266915416,0.1717171717171717,-0.765186273219276,3.0542,2
umbrella,"{1: [(4, 5), (5, 4), (14, 1)], 2: [(6, 1), (7, 2)], 3: [(9, 2), (10, 1)], 5: [(4, 2), (6, 1), (23, 1), (25, 1), (30, 1)], 6: [(6, 1), (28, 2)], 7: [(4, 1), (9, 1), (32, 1)]}","{1: 10, 2: 3, 3: 3, 5: 6, 6: 3, 7: 3}",2.5030416425674413e-05,-4.601531925067441,0.08585858585858586,-1.0662162688832573,2.5832,1
portrait,"{1: [(7, 2), (9, 6), (10, 1), (12, 1), (13, 1), (14, 1), (16, 2)], 2: [(5, 2), (6, 2), (7, 2), (11, 1), (14, 1), (15, 1), (16, 1)], 3: [(5, 2), (6, 1), (8, 8), (9, 3), (11, 4), (13, 4), (14, 2), (15, 1), (16, 2)], 4: [(12, 2), (14, 1), (15, 1), (17, 1), (18, 1), (19, 2), (22, 3), (23, 2), (25, 1), (28, 1)], 5: [(4, 1), (5, 2), (6, 3), (10, 1), (11, 2), (12, 1), (13, 2), (14, 2), (17, 1), (18, 2), (19, 1), (20, 1), (22, 12), (23, 5), (27, 1), (31, 1), (32, 1), (37, 5), (38, 1)], 6: [(1, 9), (3, 1), (9, 1), (10, 1), (12, 1), (13, 1), (14, 3), (15, 1), (17, 2), (18, 3), (20, 2), (22, 3), (23, 1), (24, 4), (25, 2), (28, 2), (29, 3)], 7: [(9, 1), (10, 2), (11, 1), (12, 1), (15, 4), (16, 1), (28, 3), (29, 2), (31, 2), (33, 7), (34, 1), (36, 1)]}","{1: 14, 2: 10, 3: 27, 4: 15, 5: 45, 6: 40, 7: 26}",0.00015822798954801326,-3.800716690047854,0.4090909090909091,-0.38818017138288136,2.444,1
squibs,"{2: [(9, 2), (17, 1)], 5: [(8, 1)], 6: [(10, 1), (16, 1)], 7: [(8, 2), (11, 1)]}","{2: 3, 5: 1, 6: 2, 7: 3}",8.045490993966776e-06,-5.094447446970335,0.03535353535353535,-1.4515671502472742,1.2304,2
diadem,"{7: [(25, 1), (29, 7), (30, 5), (31, 30), (32, 1)]}",{7: 44},3.9333511526059796e-05,-4.405237279923473,0.025252525252525252,-1.5976951859255124,0.4771,7
necklace,"{2: [(4, 1)], 5: [(10, 1), (20, 1)], 6: [(6, 1), (12, 14), (13, 2), (15, 3), (16, 3), (19, 4), (24, 2), (27, 3), (29, 1)], 7: [(31, 1)]}","{2: 1, 5: 2, 6: 33, 7: 1}",3.307590741964119e-05,-4.480488232342665,0.06565656565656566,-1.1827218379546942,2.6972,2
Friar,"{1: [(7, 4)], 2: [(8, 1)], 4: [(12, 1)], 5: [(28, 1)]}","{1: 4, 2: 1, 4: 1, 5: 1}",6.257604106418603e-06,-5.203591916395403,0.020202020202020204,-1.6946051989335686,1.9494,1
flute,"{1: [(12, 1), (16, 5)]}",{1: 6},5.363660662644517e-06,-5.2705387060260165,0.010101010101010102,-1.99563519459755,2.0374,1
smile,"{1: [(1, 2), (3, 1), (4, 1), (5, 1), (6, 2), (8, 1), (13, 1), (14, 2), (16, 1), (17, 1)], 2: [(1, 1), (4, 2), (6, 3), (9, 4), (11, 4), (13, 1), (14, 2), (15, 1), (16, 3), (17, 5), (18, 3)], 3: [(2, 1), (3, 2), (5, 1), (7, 2), (9, 2), (12, 1), (14, 1), (15, 2), (20, 1), (21, 1), (22, 4)], 4: [(3, 1), (8, 1), (11, 1), (13, 1), (14, 2), (15, 3), (16, 1), (17, 4), (18, 3), (19, 1), (20, 1), (22, 1), (23, 1), (24, 2), (25, 2), (26, 3), (27, 2), (28, 2), (30, 2), (31, 2), (33, 2), (34, 1), (35, 4), (36, 3)], 5: [(3, 1), (5, 2), (6, 1), (8, 1), (9, 4), (11, 1), (12, 2), (13, 4), (14, 1), (15, 5), (16, 3), (17, 1), (18, 2), (19, 5), (20, 2), (21, 4), (22, 4), (23, 4), (24, 1), (25, 2), (26, 3), (27, 6), (28, 2), (29, 4), (31, 1), (32, 1), (33, 1), (35, 1), (38, 2)], 6: [(1, 4), (2, 1), (4, 1), (5, 2), (6, 1), (7, 3), (11, 2), (12, 2), (15, 1), (16, 2), (20, 2), (22, 1), (23, 1), (24, 2), (25, 1), (26, 1), (27, 1), (29, 1), (30, 3)], 7: [(1, 1), (2, 3), (3, 1), (4, 2), (6, 2), (8, 2), (9, 1), (10, 1), (11, 1), (12, 1), (17, 2), (18, 1), (19, 1), (20, 1), (24, 1), (29, 3), (31, 1), (33, 3), (34, 3), (35, 3), (36, 2)]}","{1: 13, 2: 29, 3: 18, 4: 46, 5: 71, 6: 32, 7: 36}",0.00021901614372465112,-3.6595238720451277,0.6313131313131313,-0.19975517725347472,3.4711,1
werewolves,"{1: [(15, 2)], 2: [(4, 1), (6, 1), (15, 1), (16, 1)], 3: [(9, 5), (10, 1), (21, 1)], 4: [(14, 1), (24, 1), (31, 2), (36, 1)], 5: [(6, 1), (14, 1)], 6: [(6, 1), (16, 5), (17, 1), (22, 1)], 7: [(1, 1)]}","{1: 2, 2: 4, 3: 7, 4: 5, 5: 2, 6: 8, 7: 1}",2.59243598694485e-05,-4.586291958510705,0.09595959595959595,-1.017911589308702,1.8921,1
unicorns,"{1: [(5, 1), (15, 3)], 2: [(15, 1)], 4: [(24, 2), (26, 5), (28, 1)], 5: [(15, 1), (31, 1)], 7: [(7, 1)]}","{1: 4, 2: 1, 4: 8, 5: 2, 7: 1}",1.430309510038538e-05,-4.844569973753735,0.045454545454545456,-1.3424226808222062,1.7993,1
Lupin,"{3: [(5, 35), (7, 46), (8, 41), (9, 10), (10, 18), (11, 6), (12, 45), (13, 4), (14, 15), (16, 3), (17, 31), (18, 27), (19, 52), (20, 8), (21, 9), (22, 20)], 4: [(12, 1), (14, 2), (20, 1), (25, 1), (26, 1), (36, 1)], 5: [(3, 25), (4, 8), (5, 21), (6, 2), (7, 4), (8, 1), (9, 15), (10, 5), (12, 1), (13, 1), (14, 2), (15, 3), (23, 4), (24, 5), (28, 11), (29, 25), (31, 2), (32, 1), (35, 4), (36, 10), (37, 1), (38, 5)], 6: [(6, 2), (11, 1), (12, 1), (16, 22), (17, 2), (22, 1), (24, 1), (28, 1), (29, 25), (30, 1)], 7: [(1, 1), (4, 4), (5, 39), (6, 1), (7, 3), (8, 3), (9, 1), (10, 1), (11, 50), (12, 1), (14, 1), (17, 1), (22, 6), (25, 11), (30, 10), (31, 1), (33, 5), (34, 9), (36, 3)]}","{3: 370, 4: 7, 5: 156, 6: 57, 7: 151}",0.0006624120918365978,-3.1788717484303324,0.3686868686868687,-0.4333423301410752,0.9031,3
Filch,"{1: [(7, 1), (8, 7), (9, 15), (11, 2), (12, 7), (13, 1), (15, 13), (16, 3)], 2: [(7, 2), (8, 21), (9, 14), (11, 3), (13, 6)], 3: [(7, 2), (8, 7), (9, 3), (10, 6), (11, 1), (14, 3)], 4: [(12, 1), (15, 1), (16, 5), (19, 1), (20, 1), (22, 1), (25, 30)], 5: [(11, 1), (14, 8), (16, 4), (17, 1), (18, 7), (20, 1), (21, 1), (25, 1), (28, 13), (29, 3), (30, 5), (32, 2), (38, 1)], 6: [(8, 1), (11, 2), (12, 6), (15, 10), (19, 4), (21, 1), (22, 2), (24, 2), (27, 2), (29, 1), (30, 1)], 7: [(29, 1), (30, 3), (31, 2)]}","{1: 49, 2: 46, 3: 22, 4: 40, 5: 48, 6: 32, 7: 6}",0.00021722825683710294,-3.663083682811348,0.2676767676767677,-0.5723893206607421,0.9031,1
arm,"{1: [(1, 1), (4, 1), (5, 2), (7, 1), (9, 2), (10, 2), (12, 4), (13, 1), (15, 2), (16, 1), (17, 2)], 2: [(1, 1), (2, 2), (4, 2), (6, 2), (7, 3), (8, 1), (10, 15), (11, 5), (13, 1), (14, 1), (15, 1), (16, 1), (17, 5)], 3: [(1, 1), (2, 1), (3, 2), (4, 2), (5, 1), (6, 3), (7, 3), (8, 3), (9, 2), (10, 1), (11, 3), (13, 3), (14, 4), (15, 1), (17, 6), (19, 3), (20, 3), (21, 2), (22, 1)], 4: [(2, 2), (8, 3), (9, 3), (12, 1), (13, 1), (15, 2), (17, 3), (18, 1), (19, 1), (20, 1), (21, 3), (22, 1), (23, 1), (24, 3), (25, 3), (26, 1), (27, 2), (28, 1), (29, 1), (31, 3), (32, 3), (33, 7), (34, 1), (35, 2), (36, 5)], 5: [(1, 1), (2, 3), (3, 1), (4, 1), (6, 1), (7, 2), (10, 1), (12, 1), (13, 3), (14, 4), (17, 2), (18, 2), (19, 3), (20, 1), (21, 1), (22, 1), (23, 2), (24, 1), (25, 1), (26, 2), (27, 2), (28, 5), (30, 3), (31, 1), (33, 3), (34, 4), (35, 9), (36, 3), (37, 1)], 6: [(2, 3), (4, 4), (6, 2), (7, 6), (8, 1), (9, 2), (10, 1), (11, 4), (12, 3), (14, 6), (15, 4), (17, 2), (19, 2), (20, 2), (21, 1), (22, 1), (24, 1), (25, 2), (26, 5), (27, 1), (28, 2), (29, 1), (30, 1)], 7: [(3, 1), (4, 1), (5, 5), (6, 5), (7, 1), (8, 1), (9, 3), (10, 4), (11, 1), (12, 1), (13, 3), (14, 2), (15, 2), (16, 2), (17, 7), (18, 2), (20, 1), (23, 5), (24, 3), (25, 1), (26, 2), (28, 1), (29, 2), (30, 2), (31, 6), (32, 1), (33, 2), (35, 1), (36, 3)]}","{1: 19, 2: 40, 3: 45, 4: 55, 5: 65, 6: 57, 7: 71}",0.00031466809220847836,-3.502147292931529,0.7525252525252525,-0.1234789218492571,3.5234,1
turban,"{1: [(7, 5), (8, 2), (10, 1), (12, 1), (15, 1), (17, 4)], 6: [(19, 2)]}","{1: 14, 6: 2}",1.430309510038538e-05,-4.844569973753735,0.03535353535353535,-1.4515671502472742,1.8261,1
skin,"{1: [(3, 1), (7, 1), (10, 1), (17, 2)], 2: [(5, 1), (6, 1), (8, 2), (10, 2), (11, 1), (12, 1), (16, 4)], 3: [(3, 1), (5, 1), (7, 1), (8, 1), (9, 1), (14, 2), (17, 1), (19, 3), (20, 1)], 4: [(2, 1), (8, 1), (12, 2), (13, 1), (17, 1), (18, 3), (19, 2), (21, 1), (24, 1), (26, 3), (27, 2), (30, 2), (33, 1), (34, 1), (35, 2), (36, 1)], 5: [(4, 1), (6, 3), (13, 7), (15, 1), (19, 2), (20, 3), (23, 2), (24, 1), (25, 1), (27, 1), (30, 1), (35, 1), (38, 1)], 6: [(13, 1), (15, 2), (18, 3), (20, 1), (22, 1), (26, 1), (28, 1), (30, 1)], 7: [(1, 1), (5, 1), (6, 1), (7, 1), (10, 1), (14, 2), (15, 1), (17, 2), (19, 1), (23, 1), (24, 2), (26, 1), (27, 3), (30, 1), (34, 1), (35, 1), (36, 1)]}","{1: 5, 2: 12, 3: 12, 4: 25, 5: 25, 6: 11, 7: 22}",0.00010012166570269765,-3.999471933739479,0.37373737373737376,-0.4274334705305549,3.3516,1
Malkin,"{1: [(5, 3)], 6: [(6, 6), (7, 1), (30, 1)]}","{1: 3, 6: 8}",9.833377881514949e-06,-5.007297271251435,0.020202020202020204,-1.6946051989335686,0.7782,1
cards,"{1: [(6, 2), (14, 1), (16, 2)], 2: [(1, 2), (3, 1), (4, 1), (13, 1)], 3: [(1, 1), (2, 1), (6, 1), (11, 1)], 4: [(2, 1), (19, 1), (22, 2), (37, 2)], 5: [(5, 1), (10, 1), (17, 1), (21, 3), (28, 1)], 6: [(6, 1), (10, 1), (24, 1), (25, 1)]}","{1: 5, 2: 5, 3: 4, 4: 6, 5: 7, 6: 4}",2.7712246756996673e-05,-4.557328262575388,0.12121212121212122,-0.9164539485499251,3.3892,1
George,"{1: [(6, 9), (8, 1), (9, 4), (11, 3), (12, 6), (13, 4), (15, 1), (17, 1)], 2: [(3, 28), (4, 14), (5, 6), (7, 9), (8, 4), (10, 13), (11, 1), (12, 5), (13, 1), (14, 1), (15, 2), (16, 2), (18, 2)], 3: [(1, 1), (4, 6), (5, 3), (6, 6), (8, 4), (9, 3), (10, 18), (11, 2), (13, 7), (14, 2), (15, 5), (16, 1), (17, 1), (22, 1)], 4: [(2, 1), (4, 12), (5, 11), (6, 7), (7, 6), (8, 1), (9, 7), (10, 6), (11, 6), (12, 9), (13, 6), (14, 7), (15, 8), (16, 11), (17, 3), (19, 2), (21, 5), (22, 5), (23, 7), (24, 2), (25, 1), (26, 3), (28, 1), (29, 7), (31, 1), (37, 17)], 5: [(4, 15), (5, 13), (6, 27), (9, 30), (10, 3), (11, 1), (12, 18), (13, 15), (14, 11), (15, 9), (16, 5), (17, 9), (18, 8), (19, 18), (21, 3), (22, 18), (23, 7), (24, 6), (25, 1), (26, 9), (28, 13), (29, 18), (30, 8), (31, 1), (32, 1), (33, 1), (38, 2)], 6: [(5, 4), (6, 13), (7, 1), (11, 1), (12, 1), (15, 1), (16, 16), (17, 4), (19, 7), (30, 1)], 7: [(4, 10), (5, 20), (6, 1), (7, 4), (8, 13), (14, 1), (15, 1), (20, 1), (22, 1), (25, 2), (29, 3), (30, 6), (31, 1), (33, 4), (36, 1)]}","{1: 29, 2: 88, 3: 60, 4: 152, 5: 270, 6: 49, 7: 69}",0.0006409574491860198,-3.19317080074186,0.5707070707070707,-0.24358674677811137,3.8736,1
biography,"{6: [(15, 1)], 7: [(2, 2), (8, 1), (11, 1)]}","{6: 1, 7: 4}",4.469717218870431e-06,-5.349719952073642,0.020202020202020204,-1.6946051989335686,1.8808,6
cup,"{1: [(2, 1), (3, 1), (4, 1), (7, 2), (8, 1), (9, 2), (11, 2), (12, 3), (15, 2), (16, 1), (17, 4)], 2: [(7, 2), (11, 1), (12, 1), (14, 2), (18, 1)], 3: [(4, 1), (5, 1), (6, 13), (8, 5), (9, 1), (11, 1), (12, 3), (13, 1), (14, 2), (15, 9), (16, 1), (21, 1), (22, 3)], 4: [(1, 3), (2, 1), (3, 10), (5, 6), (6, 5), (7, 2), (8, 5), (9, 1), (10, 3), (11, 3), (12, 3), (13, 1), (14, 1), (15, 1), (16, 3), (17, 1), (19, 3), (20, 1), (21, 4), (23, 3), (24, 1), (25, 1), (26, 1), (27, 7), (28, 4), (31, 16), (32, 4), (33, 5), (34, 3), (35, 10), (36, 5), (37, 2)], 5: [(6, 1), (14, 1), (19, 2), (23, 3), (25, 3), (26, 1), (28, 6), (29, 1), (30, 6), (31, 2), (38, 1)], 6: [(1, 1), (12, 1), (20, 10), (23, 2), (24, 3), (26, 3), (30, 3)], 7: [(2, 4), (3, 1), (14, 2), (21, 1), (26, 10), (27, 6), (28, 1), (31, 2)]}","{1: 20, 2: 7, 3: 42, 4: 119, 5: 27, 6: 23, 7: 27}",0.00023689501260013284,-3.6254440824728524,0.4393939393939394,-0.3571459376429126,3.4208,1
tower,"{1: [(7, 1), (9, 3), (10, 1), (12, 1), (13, 1), (14, 4), (15, 2)], 2: [(1, 1), (5, 3), (8, 2), (11, 2), (12, 1), (13, 2), (14, 3), (15, 1), (16, 1)], 3: [(5, 1), (6, 6), (8, 4), (9, 2), (10, 1), (11, 1), (12, 5), (13, 2), (14, 5), (15, 3), (16, 4), (19, 1), (21, 5)], 4: [(12, 2), (13, 1), (14, 1), (15, 3), (18, 3), (21, 1), (22, 1), (23, 4), (25, 2), (28, 3), (29, 2), (31, 1), (37, 1)], 5: [(11, 1), (12, 1), (13, 4), (14, 1), (17, 1), (18, 2), (21, 1), (25, 2), (26, 1), (27, 2), (28, 4), (29, 3), (31, 4)], 6: [(8, 1), (11, 1), (14, 1), (17, 1), (18, 1), (19, 2), (21, 1), (23, 1), (24, 1), (25, 1), (27, 5), (28, 4), (29, 6), (30, 2)], 7: [(11, 1), (12, 2), (14, 1), (15, 1), (20, 1), (23, 4), (24, 1), (29, 1), (30, 2), (31, 7), (33, 1), (36, 2)]}","{1: 13, 2: 16, 3: 40, 4: 25, 5: 27, 6: 28, 7: 24}",0.00015465221577291692,-3.810643853280865,0.4090909090909091,-0.38818017138288136,3.0667,1
mischief,"{3: [(10, 4)], 6: [(15, 1), (18, 1)]}","{3: 4, 6: 2}",5.363660662644517e-06,-5.2705387060260165,0.015151515151515152,-1.8195439355418686,2.0334,3
squib,"{2: [(9, 5), (11, 1)], 5: [(2, 2), (8, 2), (28, 1)], 6: [(10, 1), (19, 1), (30, 1)], 7: [(8, 5), (11, 1), (18, 2)]}","{2: 6, 5: 5, 6: 3, 7: 8}",1.9666755763029898e-05,-4.706267275587454,0.05555555555555555,-1.255272505103306,0.9542,2
toad,"{1: [(5, 2), (6, 8), (7, 2), (10, 1), (16, 2), (17, 1)], 2: [(13, 2), (16, 1)], 3: [(5, 1), (7, 4), (11, 1)], 4: [(14, 2), (20, 1)], 5: [(8, 1), (10, 3), (12, 1), (13, 1), (15, 1), (19, 1), (23, 1), (28, 1), (32, 1)], 6: [(7, 1)], 7: [(11, 1)]}","{1: 16, 2: 3, 3: 6, 4: 3, 5: 11, 6: 1, 7: 1}",3.665168119473753e-05,-4.435906099689925,0.12121212121212122,-0.9164539485499251,2.4639,1
Howler,"{2: [(6, 6)], 3: [(14, 3)], 4: [(10, 1)], 5: [(2, 2), (3, 2), (30, 1), (37, 2)]}","{2: 6, 3: 3, 4: 1, 5: 7}",1.5197038544159465e-05,-4.818241035031386,0.03535353535353535,-1.4515671502472742,0.699,2
Bludger,"{1: [(10, 1), (11, 7), (13, 1)], 2: [(10, 33)], 3: [(9, 2), (13, 4), (15, 6)], 4: [(7, 1), (8, 4), (20, 1), (22, 1)], 5: [(13, 1), (14, 2), (18, 1), (19, 13), (26, 1)], 6: [(11, 1), (14, 4), (19, 2), (20, 1), (24, 1)], 7: [(31, 1)]}","{1: 9, 2: 33, 3: 12, 4: 7, 5: 18, 6: 9, 7: 1}",7.956096649589367e-05,-4.099299949764748,0.1111111111111111,-0.9542425094393249,0.8451,1
prophecy,"{5: [(22, 1), (35, 40), (36, 5), (37, 15), (38, 1)], 6: [(2, 3), (3, 5), (4, 5), (5, 7), (7, 4), (10, 4), (12, 1), (16, 1), (20, 1), (23, 15), (25, 7)], 7: [(33, 2)]}","{5: 62, 6: 53, 7: 2}",0.00010459138292156809,-3.9805040946634986,0.08585858585858586,-1.0662162688832573,2.5079,5
Fleur,"{4: [(16, 2), (17, 7), (18, 10), (19, 1), (20, 12), (22, 1), (23, 14), (26, 16), (28, 5), (31, 10), (35, 1), (37, 7)], 5: [(4, 1)], 6: [(5, 8), (6, 5), (7, 4), (14, 1), (16, 13), (17, 1), (29, 8), (30, 2)], 7: [(4, 8), (5, 7), (6, 8), (7, 2), (8, 13), (20, 2), (24, 8), (25, 15), (26, 3), (29, 1), (30, 5), (33, 2)]}","{4: 86, 5: 1, 6: 42, 7: 74}",0.0001814705190861395,-3.7411939184964473,0.16666666666666666,-0.7781512503836436,1.7559,4
garden,"{1: [(1, 4), (7, 1), (14, 1)], 2: [(1, 3), (2, 1), (3, 8), (8, 1), (11, 1)], 3: [(1, 1), (2, 3), (4, 1), (14, 1), (16, 2), (21, 1)], 4: [(1, 2), (5, 5), (7, 1), (21, 1), (23, 1), (24, 1)], 5: [(1, 1), (2, 2), (3, 1), (25, 1), (26, 1), (38, 2)], 6: [(3, 1), (4, 4), (6, 1), (10, 1), (14, 1), (16, 6), (17, 1), (22, 2)], 7: [(1, 1), (4, 3), (5, 3), (6, 3), (7, 6), (8, 2), (9, 1), (11, 2), (17, 1), (19, 1), (20, 1), (21, 1), (22, 1), (24, 5), (25, 2), (26, 1), (27, 1), (28, 1)]}","{1: 6, 2: 14, 3: 9, 4: 11, 5: 8, 6: 17, 7: 36}",9.02882878211827e-05,-4.044368582627018,0.26262626262626265,-0.5806618466267319,3.1319,1
Nick,"{1: [(7, 3), (8, 1)], 2: [(8, 31), (11, 7), (12, 1), (13, 1), (14, 1), (16, 2)], 3: [(8, 1), (14, 1)], 4: [(12, 13), (15, 1)], 5: [(11, 12), (14, 2), (20, 1), (38, 20)], 6: [(8, 3), (23, 3)], 7: [(31, 7)]}","{1: 4, 2: 43, 3: 2, 4: 14, 5: 35, 6: 6, 7: 7}",9.922772225892357e-05,-4.003366977623003,0.09595959595959595,-1.017911589308702,3.4861,1
pudding,"{1: [(7, 2)], 2: [(1, 1), (2, 3), (3, 1), (5, 1), (8, 1), (12, 2)], 3: [(3, 1), (4, 2), (5, 1), (6, 1)], 4: [(12, 1), (16, 2)], 5: [(5, 1), (23, 1), (38, 1)], 6: [(8, 1)], 7: [(6, 1)]}","{1: 2, 2: 9, 3: 5, 4: 3, 5: 3, 6: 1, 7: 1}",2.145464265057807e-05,-4.668478714698054,0.09090909090909091,-1.041392685158225,2.4983,1
parents,"{1: [(2, 5), (4, 3), (5, 5), (6, 2), (12, 3), (13, 2), (16, 1), (17, 3)], 2: [(1, 2), (4, 4), (7, 1), (13, 2), (17, 1), (18, 1)], 3: [(1, 3), (2, 2), (3, 1), (10, 2), (11, 3), (12, 3), (14, 1), (17, 2), (18, 2), (19, 4), (20, 3), (22, 3)], 4: [(1, 1), (2, 1), (3, 1), (4, 1), (5, 1), (7, 3), (9, 1), (11, 1), (13, 1), (14, 4), (18, 3), (19, 2), (20, 1), (24, 2), (27, 1), (30, 3), (31, 3), (33, 1), (34, 1), (35, 2), (36, 2), (37, 1)], 5: [(1, 2), (2, 4), (4, 1), (5, 2), (6, 4), (9, 3), (10, 1), (11, 3), (14, 2), (15, 2), (16, 1), (18, 2), (19, 1), (21, 1), (23, 4), (25, 1), (26, 1), (29, 1), (30, 1), (35, 3), (37, 6), (38, 2)], 6: [(3, 1), (7, 2), (8, 1), (11, 3), (13, 1), (15, 1), (16, 1), (17, 1), (19, 1), (23, 2), (25, 1), (29, 1), (30, 4)], 7: [(2, 1), (3, 3), (4, 4), (5, 3), (6, 4), (9, 1), (10, 7), (11, 7), (13, 1), (15, 2), (16, 8), (17, 1), (21, 1), (22, 2), (29, 1), (33, 5), (34, 2), (35, 4), (36, 5)]}","{1: 24, 2: 11, 3: 29, 4: 37, 5: 48, 6: 20, 7: 62}",0.0002065009355118139,-3.685077976517516,0.5151515151515151,-0.2880650184996136,3.856,1
password,"{1: [(7, 1), (9, 1)], 2: [(5, 3), (11, 1), (12, 1), (14, 1)], 3: [(5, 1), (8, 2), (9, 1), (11, 1), (13, 1), (14, 2), (15, 1)], 4: [(12, 1), (17, 1), (22, 1), (23, 1), (25, 2), (28, 3), (29, 1), (36, 1)], 5: [(11, 2), (13, 1)], 6: [(9, 1), (15, 1), (17, 2), (23, 1), (25, 1), (29, 1)], 7: [(20, 1), (22, 3), (29, 1), (33, 1)]}","{1: 2, 2: 6, 3: 9, 4: 11, 5: 3, 6: 7, 7: 6}",3.9333511526059796e-05,-4.405237279923473,0.16666666666666666,-0.7781512503836436,2.6107,1
wings,"{1: [(10, 1), (11, 1), (14, 1), (16, 2)], 2: [(2, 1), (3, 1), (13, 1), (17, 4)], 3: [(1, 1), (2, 1), (6, 5), (13, 1), (14, 1), (15, 1), (21, 7)], 4: [(3, 1), (8, 1), (15, 2), (20, 4), (36, 1)], 5: [(2, 2), (3, 1), (6, 2), (7, 1), (10, 3), (14, 3), (17, 2), (19, 1), (21, 1), (22, 1), (26, 1), (27, 1), (30, 1), (33, 2), (34, 3)], 6: [(16, 1), (28, 1)], 7: [(5, 1), (7, 3), (20, 3), (25, 1), (26, 4), (27, 3)]}","{1: 5, 2: 7, 3: 17, 4: 9, 5: 25, 6: 2, 7: 15}",7.151547550192689e-05,-4.145599969417717,0.21717171717171718,-0.6631967346819445,3.0017,1
scar,"{1: [(1, 1), (2, 2), (5, 2), (6, 3), (7, 1), (8, 1), (15, 2), (16, 2), (17, 3)], 2: [(1, 6), (4, 2), (6, 3), (17, 2), (18, 1)], 3: [(1, 3), (3, 3), (8, 1), (13, 1)], 4: [(2, 16), (3, 1), (5, 1), (6, 1), (7, 1), (8, 2), (9, 1), (10, 4), (14, 1), (15, 3), (16, 1), (17, 1), (18, 2), (19, 1), (29, 5), (30, 5), (31, 4), (32, 4), (33, 3), (35, 3), (36, 3), (37, 1)], 5: [(1, 2), (3, 3), (4, 2), (6, 2), (9, 4), (10, 1), (13, 4), (14, 2), (15, 1), (16, 1), (18, 6), (21, 1), (22, 2), (23, 1), (24, 9), (25, 4), (26, 5), (27, 1), (28, 3), (31, 1), (32, 1), (33, 4), (34, 2), (35, 3), (36, 4), (37, 7)], 6: [(4, 3), (7, 1), (17, 1)], 7: [(4, 3), (5, 8), (7, 3), (8, 1), (9, 5), (12, 3), (14, 3), (15, 2), (16, 1), (17, 4), (20, 2), (22, 3), (23, 17), (24, 18), (27, 2), (29, 7), (30, 6), (32, 3), (35, 1), (36, 2)]}","{1: 17, 2: 14, 3: 8, 4: 64, 5: 76, 6: 5, 7: 94}",0.000248516277369196,-3.604645160491584,0.4494949494949495,-0.3472751836166183,2.6365,1
Lily,"{1: [(1, 3), (4, 4)], 3: [(1, 1), (10, 7), (12, 1), (19, 8)], 4: [(14, 1)], 5: [(28, 7), (29, 3)], 6: [(4, 1), (7, 2), (9, 1), (18, 1), (22, 1), (25, 1)], 7: [(8, 1), (10, 3), (16, 3), (17, 3), (33, 51), (34, 1), (36, 6)]}","{1: 7, 3: 17, 4: 1, 5: 10, 6: 7, 7: 68}",9.833377881514948e-05,-4.007297271251435,0.1111111111111111,-0.9542425094393249,3.137,1
tail,"{1: [(1, 1), (2, 2), (4, 1), (5, 2), (6, 2), (10, 1), (14, 2), (15, 2), (16, 1)], 2: [(8, 1), (11, 1), (12, 2), (13, 1), (15, 1), (17, 6)], 3: [(1, 1), (2, 2), (4, 1), (7, 1), (8, 2), (9, 1), (11, 2), (13, 3), (14, 1), (15, 3), (16, 1), (17, 3), (19, 1), (20, 1)], 4: [(1, 1), (4, 1), (5, 1), (8, 2), (13, 1), (15, 1), (18, 3), (19, 1), (20, 3), (25, 1), (26, 2), (27, 2), (30, 1), (31, 1), (36, 1), (37, 1)], 5: [(2, 1), (3, 1), (10, 3), (15, 1), (21, 2), (22, 2), (25, 1), (27, 3), (28, 1), (36, 1)], 6: [(7, 1), (17, 1), (18, 1), (19, 2), (21, 1), (22, 1), (30, 1)], 7: [(4, 1), (5, 1), (7, 1), (11, 1), (17, 3), (26, 1)]}","{1: 14, 2: 12, 3: 23, 4: 23, 5: 16, 6: 8, 7: 8}",9.297011815250496e-05,-4.03165661711088,0.3434343434343434,-0.4641562775552948,3.0864,1
sweater,"{1: [(2, 1), (12, 8), (17, 1)], 2: [(4, 1), (5, 1), (12, 2)], 3: [(11, 2)], 4: [(6, 2), (21, 1), (23, 3), (26, 2)], 6: [(16, 1)], 7: [(16, 1), (17, 1), (19, 3), (26, 1)]}","{1: 10, 2: 4, 3: 2, 4: 8, 6: 1, 7: 6}",2.7712246756996673e-05,-4.557328262575388,0.08080808080808081,-1.0925452076056064,2.8482,1
broomstick,"{1: [(6, 1), (9, 10), (10, 9), (11, 3), (12, 1), (13, 2), (16, 1)], 2: [(1, 2), (3, 1), (4, 1), (5, 1), (7, 3), (9, 2), (14, 2)], 3: [(1, 2), (2, 1), (3, 2), (6, 2), (9, 1), (10, 5), (11, 3), (12, 3), (13, 1)], 4: [(2, 2), (4, 1), (8, 4), (9, 2), (10, 2), (15, 1), (24, 1), (26, 1)], 5: [(1, 1), (3, 3), (9, 1), (13, 1), (20, 2), (26, 1), (28, 2), (29, 1), (33, 2)], 6: [(9, 1), (14, 1)], 7: [(4, 10), (10, 3), (13, 1), (17, 1), (31, 2), (33, 1), (36, 1)]}","{1: 27, 2: 12, 3: 20, 4: 14, 5: 14, 6: 2, 7: 19}",9.654589192760131e-05,-4.015266200922711,0.2474747474747475,-0.6064691102330174,1.6435,1
sword,"{1: [(4, 1)], 2: [(3, 1), (17, 7), (18, 6)], 3: [(6, 4)], 4: [(22, 1), (30, 2)], 5: [(1, 1), (12, 1), (16, 1), (37, 1)], 6: [(4, 1), (23, 1), (24, 1), (29, 1)], 7: [(6, 1), (7, 12), (12, 1), (15, 18), (16, 8), (17, 3), (18, 1), (19, 37), (20, 3), (22, 1), (23, 15), (24, 5), (25, 17), (26, 14), (27, 3), (31, 1), (33, 6), (36, 1)]}","{1: 1, 2: 14, 3: 4, 4: 3, 5: 4, 6: 4, 7: 147}",0.00015822798954801326,-3.800716690047854,0.16666666666666666,-0.7781512503836436,3.1258,1
tears,"{1: [(3, 1), (5, 1), (10, 1), (14, 1), (17, 3)], 2: [(1, 1), (2, 3), (8, 2), (9, 1), (10, 1), (12, 1), (16, 1), (17, 5), (18, 1)], 3: [(2, 1), (6, 2), (7, 1), (8, 1), (9, 1), (11, 5), (12, 1), (13, 1), (15, 2), (16, 4), (19, 1)], 4: [(3, 1), (9, 2), (16, 1), (18, 3), (20, 2), (21, 5), (23, 1), (24, 3), (25, 1), (28, 2), (33, 1), (35, 1), (36, 2), (37, 2)], 5: [(2, 1), (4, 2), (5, 1), (6, 1), (9, 1), (10, 1), (12, 1), (17, 4), (21, 4), (25, 3), (26, 3), (27, 1), (28, 1), (30, 3), (32, 1), (33, 1)], 6: [(2, 4), (11, 2), (14, 3), (15, 1), (17, 1), (19, 2), (21, 1), (22, 5), (24, 2), (28, 1), (29, 5), (30, 5)], 7: [(1, 3), (3, 1), (5, 1), (6, 3), (7, 1), (8, 3), (10, 5), (11, 1), (13, 1), (14, 2), (15, 1), (16, 1), (17, 3), (18, 2), (22, 1), (28, 1), (30, 2), (31, 1), (33, 5), (35, 3), (36, 4)]}","{1: 7, 2: 16, 3: 20, 4: 27, 5: 29, 6: 32, 7: 45}",0.00015733404610423918,-3.8031772885955104,0.4444444444444444,-0.35218251811136253,3.0573,1
snake,"{1: [(2, 15), (3, 1), (8, 1), (17, 1)], 2: [(5, 1), (11, 17), (16, 8), (17, 2)], 3: [(17, 1)], 4: [(1, 6), (2, 1), (13, 1), (15, 1), (20, 1), (29, 3), (30, 2), (31, 1), (32, 2), (33, 7), (34, 1)], 5: [(21, 4), (22, 11), (23, 8), (24, 7), (26, 1), (36, 3), (37, 1)], 6: [(2, 1), (10, 5), (23, 3), (25, 1), (26, 1), (30, 2)], 7: [(1, 5), (8, 1), (13, 1), (14, 1), (15, 2), (17, 24), (19, 4), (23, 1), (25, 1), (27, 2), (29, 2), (31, 1), (32, 12), (33, 2), (34, 8), (36, 2)]}","{1: 18, 2: 28, 3: 1, 4: 26, 5: 35, 6: 13, 7: 69}",0.00016984925431707637,-3.7699363554568315,0.2474747474747475,-0.6064691102330174,3.0573,1
cart,"{1: [(4, 1), (5, 6), (6, 6)], 3: [(5, 2), (22, 1)], 4: [(7, 1)], 5: [(10, 2)], 6: [(13, 1)], 7: [(26, 7), (28, 1)]}","{1: 13, 3: 3, 4: 1, 5: 2, 6: 1, 7: 8}",2.5030416425674413e-05,-4.601531925067441,0.050505050505050504,-1.2966651902615312,2.6646,1
Draco,"{1: [(6, 3), (8, 1), (9, 2), (12, 1), (15, 2), (17, 1)], 2: [(1, 1), (3, 3), (4, 13), (6, 1), (7, 1), (8, 1), (11, 3), (12, 3), (13, 1), (15, 2), (16, 1), (18, 1)], 3: [(5, 3), (6, 2), (7, 1), (8, 1), (10, 1), (13, 1), (16, 1)], 4: [(8, 5), (9, 2), (11, 1), (13, 4), (15, 1), (22, 1), (24, 3), (31, 2), (37, 2)], 5: [(6, 1), (9, 1), (10, 3), (11, 1), (12, 1), (13, 2), (16, 1), (17, 1), (19, 3), (21, 1), (25, 1), (27, 2), (28, 4), (31, 2), (32, 2)], 6: [(2, 13), (6, 6), (7, 1), (8, 2), (12, 1), (13, 2), (14, 1), (15, 9), (16, 1), (19, 2), (20, 1), (21, 5), (22, 1), (24, 1), (25, 1), (27, 21), (28, 1)], 7: [(1, 6), (9, 2), (23, 22), (24, 2), (26, 1), (31, 4), (32, 3), (33, 5), (36, 7)]}","{1: 10, 2: 31, 3: 10, 4: 21, 5: 26, 6: 69, 7: 52}",0.00019577361418652488,-3.708245841569542,0.3787878787878788,-0.42160392686983106,1.3617,1
Petunia,"{1: [(1, 3), (2, 22), (3, 22), (4, 4), (5, 1), (6, 3), (7, 1), (12, 1), (17, 1)], 2: [(1, 18), (2, 3), (3, 2), (6, 1), (14, 1)], 3: [(1, 4), (2, 26)], 4: [(2, 2), (3, 15), (4, 18), (18, 1), (22, 1), (25, 1), (28, 1)], 5: [(1, 14), (2, 47), (3, 1), (10, 1), (31, 1), (38, 4)], 6: [(3, 10)], 7: [(3, 16), (4, 1), (10, 1), (33, 23)]}","{1: 58, 2: 25, 3: 30, 4: 39, 5: 68, 6: 10, 7: 41}",0.00024225867326277737,-3.6157206655352545,0.1717171717171717,-0.765186273219276,2.0294,1
curse,"{1: [(4, 1), (5, 1), (9, 3), (13, 2), (17, 3)], 2: [(1, 1), (7, 3), (9, 1), (10, 1), (11, 1), (18, 1)], 3: [(1, 2), (3, 2), (4, 1), (19, 1)], 4: [(2, 6), (13, 1), (14, 12), (15, 6), (18, 2), (20, 1), (21, 2), (23, 1), (27, 2), (28, 1), (29, 1), (30, 5), (31, 9), (33, 2), (34, 4), (35, 9), (36, 1), (37, 1)], 5: [(5, 1), (6, 2), (9, 1), (13, 1), (16, 1), (19, 1), (22, 1), (23, 1), (24, 3), (26, 5), (28, 2), (29, 2), (31, 1), (32, 2), (35, 1), (36, 3), (37, 2), (38, 2)], 6: [(1, 2), (3, 2), (4, 1), (5, 1), (9, 1), (10, 1), (11, 2), (12, 1), (13, 1), (15, 1), (17, 1), (19, 1), (21, 4), (23, 1), (24, 3), (27, 2), (28, 9), (29, 5)], 7: [(1, 1), (4, 2), (5, 1), (6, 3), (8, 1), (9, 1), (11, 3), (12, 1), (13, 2), (14, 1), (15, 1), (17, 5), (18, 1), (22, 2), (24, 2), (26, 4), (28, 1), (29, 1), (30, 1), (31, 4), (32, 1), (33, 6), (35, 4), (36, 9)]}","{1: 10, 2: 8, 3: 6, 4: 66, 5: 32, 6: 39, 7: 58}",0.00019577361418652488,-3.708245841569542,0.4696969696969697,-0.32818224170759597,2.9685,1
spells,"{1: [(5, 2), (6, 1), (7, 1), (9, 1), (14, 1), (15, 1)], 2: [(2, 1), (3, 2), (4, 2), (8, 1), (9, 1), (11, 3)], 3: [(1, 1), (4, 1)], 4: [(10, 2), (11, 2), (19, 4), (20, 3), (22, 1), (26, 1), (28, 1), (31, 5), (34, 1), (35, 3), (36, 1), (37, 1)], 5: [(3, 1), (9, 1), (12, 7), (13, 6), (14, 1), (15, 2), (16, 3), (18, 1), (24, 1), (26, 2), (27, 1), (31, 3), (32, 2), (35, 4), (36, 3), (37, 1), (38, 1)], 6: [(3, 1), (5, 1), (7, 1), (8, 2), (9, 6), (10, 1), (11, 5), (12, 4), (13, 1), (14, 1), (16, 3), (21, 1), (25, 1), (28, 1), (30, 1)], 7: [(4, 3), (6, 2), (9, 2), (10, 1), (11, 1), (13, 1), (14, 1), (16, 1), (19, 1), (21, 2), (22, 1), (24, 1), (26, 5), (27, 1), (30, 1), (31, 2), (32, 5), (36, 4)]}","{1: 7, 2: 10, 3: 2, 4: 25, 5: 40, 6: 30, 7: 35}",0.00013319757312233883,-3.8755036879973863,0.3838383838383838,-0.4158515979807398,2.4713,1
father,"{1: [(2, 4), (3, 3), (4, 1), (5, 4), (6, 2), (9, 1), (12, 4), (15, 1), (17, 8)], 2: [(3, 2), (4, 4), (5, 1), (6, 2), (7, 1), (9, 1), (10, 1), (12, 2), (13, 2), (14, 2), (15, 2)], 3: [(2, 1), (3, 1), (4, 1), (5, 1), (11, 2), (12, 2), (14, 7), (17, 3), (18, 3), (19, 5), (21, 4), (22, 6)], 4: [(2, 1), (4, 2), (5, 2), (6, 1), (8, 2), (9, 2), (10, 5), (11, 5), (13, 2), (14, 3), (15, 1), (23, 2), (24, 2), (25, 1), (26, 1), (27, 1), (30, 9), (31, 3), (32, 1), (33, 5), (34, 5), (35, 34), (36, 3), (37, 1)], 5: [(5, 1), (6, 1), (9, 7), (13, 3), (14, 3), (17, 4), (18, 1), (19, 1), (22, 4), (23, 1), (24, 2), (25, 1), (26, 1), (28, 6), (29, 10), (31, 1), (37, 4), (38, 2)], 6: [(2, 1), (4, 1), (5, 1), (6, 2), (7, 6), (10, 8), (11, 1), (12, 2), (13, 5), (15, 1), (16, 4), (17, 5), (20, 1), (23, 2), (24, 1), (25, 2), (27, 1), (28, 2), (30, 3)], 7: [(1, 1), (2, 5), (5, 3), (8, 8), (9, 1), (10, 1), (11, 5), (12, 1), (13, 3), (14, 1), (15, 1), (16, 1), (17, 2), (20, 1), (22, 1), (23, 2), (25, 1), (28, 1), (30, 1), (33, 5), (34, 3), (35, 4), (36, 2)]}","{1: 28, 2: 20, 3: 36, 4: 94, 5: 53, 6: 49, 7: 54}",0.0002985771102205448,-3.524943489598096,0.5858585858585859,-0.23220720103461265,4.4515,1
Phoenix,"{1: [(5, 4)], 2: [(12, 1), (13, 1), (17, 5), (18, 1)], 4: [(18, 2), (30, 1), (34, 3), (36, 6)], 5: [(3, 1), (4, 4), (5, 6), (7, 1), (8, 1), (9, 3), (21, 1), (22, 4), (23, 2), (27, 1), (32, 1), (37, 2)], 6: [(2, 2), (3, 2), (4, 1), (8, 1), (10, 1), (17, 1), (25, 1), (27, 2), (29, 5), (30, 2)], 7: [(1, 1), (2, 1), (6, 1), (8, 2), (13, 1), (15, 1), (17, 2), (18, 1), (20, 2), (22, 2), (23, 2), (24, 2), (28, 3), (29, 1), (30, 2), (31, 2), (33, 2), (34, 1), (36, 4)]}","{1: 4, 2: 8, 4: 12, 5: 27, 6: 18, 7: 33}",9.118223126495679e-05,-4.040089784647743,0.25252525252525254,-0.5976951859255123,2.7451,1
Sirius,"{1: [(1, 1)], 3: [(3, 5), (4, 5), (5, 3), (6, 1), (7, 1), (8, 1), (9, 2), (10, 9), (11, 4), (12, 3), (13, 3), (14, 4), (17, 7), (18, 16), (19, 18), (20, 27), (21, 29), (22, 15)], 4: [(2, 18), (3, 6), (4, 1), (5, 5), (9, 2), (10, 3), (12, 2), (13, 2), (14, 1), (15, 5), (18, 4), (19, 27), (20, 2), (21, 3), (23, 1), (24, 1), (25, 1), (26, 5), (27, 61), (28, 4), (29, 7), (31, 3), (36, 26)], 5: [(1, 6), (2, 3), (3, 4), (4, 1), (5, 64), (6, 62), (7, 6), (9, 18), (10, 21), (12, 2), (13, 1), (14, 38), (16, 10), (17, 22), (18, 5), (20, 1), (21, 4), (22, 28), (23, 12), (24, 42), (25, 6), (26, 1), (28, 27), (29, 40), (30, 3), (31, 2), (32, 29), (33, 5), (34, 14), (35, 21), (36, 12), (37, 61), (38, 19)], 6: [(1, 1), (2, 1), (3, 6), (4, 9), (5, 4), (6, 1), (8, 6), (12, 1), (16, 3), (21, 2), (23, 1), (24, 1), (25, 1), (29, 1), (30, 2)], 7: [(2, 1), (5, 1), (10, 22), (11, 3), (12, 1), (21, 1), (22, 1), (24, 1), (25, 1), (26, 1), (33, 9), (34, 7), (36, 1)]}","{1: 1, 3: 153, 4: 190, 5: 590, 6: 40, 7: 50}",0.0009153980864246643,-3.0383899997698482,0.5202020202020202,-0.28382796555635886,1.3424,1
Arthur,"{2: [(3, 3), (4, 8), (5, 2), (12, 2), (18, 3)], 3: [(1, 1), (4, 2), (5, 3)], 4: [(3, 1), (5, 2), (6, 3), (7, 6), (8, 4), (9, 2), (10, 3), (11, 6), (14, 1), (35, 2), (36, 2)], 5: [(5, 3), (7, 4), (9, 7), (10, 1), (17, 1), (22, 19), (23, 4), (24, 1), (37, 1), (38, 2)], 6: [(4, 1), (5, 5), (6, 1), (7, 1), (11, 1), (16, 5), (19, 1), (23, 2), (29, 3)], 7: [(3, 1), (4, 1), (5, 2), (6, 2), (7, 3), (8, 3), (11, 1), (13, 4), (23, 1), (31, 1), (36, 1)]}","{2: 18, 3: 6, 4: 32, 5: 43, 6: 20, 7: 20}",0.000124258138684598,-3.9056751561555654,0.2474747474747475,-0.6064691102330174,3.2274,2
Luna,"{5: [(10, 27), (11, 7), (13, 6), (14, 1), (16, 7), (18, 2), (19, 3), (21, 4), (25, 10), (26, 5), (30, 2), (32, 14), (33, 11), (34, 12), (35, 14), (36, 1), (38, 13)], 6: [(7, 12), (14, 1), (15, 24), (19, 7), (20, 5), (27, 1), (29, 4), (30, 2)], 7: [(8, 13), (12, 1), (15, 3), (16, 1), (20, 7), (21, 14), (22, 4), (23, 13), (24, 5), (25, 10), (26, 2), (29, 24), (30, 19), (32, 3), (34, 1), (36, 3)]}","{5: 139, 6: 56, 7: 123}",0.0002842740151201594,-3.5462628364252278,0.20707070707070707,-0.6838813335417956,1.7559,5
potion,"{1: [(5, 3), (8, 6), (16, 1)], 2: [(4, 1), (6, 1), (8, 1), (9, 2), (10, 4), (11, 7), (12, 13), (13, 3)], 3: [(5, 1), (7, 7), (8, 4), (11, 1), (18, 2), (19, 1), (20, 1)], 4: [(8, 1), (10, 1), (12, 1), (16, 2), (24, 1), (25, 5), (26, 2), (27, 8), (32, 2), (33, 2), (35, 12), (36, 9)], 5: [(2, 1), (12, 11), (13, 3), (16, 1), (17, 5), (22, 2), (24, 1), (26, 1), (29, 2), (31, 1), (32, 1), (36, 1), (38, 1)], 6: [(3, 1), (6, 1), (7, 1), (9, 24), (10, 7), (11, 2), (12, 5), (14, 4), (15, 8), (16, 4), (18, 14), (20, 1), (21, 5), (22, 6), (23, 2), (24, 9), (25, 1), (26, 20), (27, 1), (28, 1), (29, 1)], 7: [(2, 1), (4, 5), (5, 1), (6, 1), (8, 1), (10, 6), (12, 6), (14, 2), (16, 2), (25, 2), (28, 1), (30, 1), (33, 2)]}","{1: 10, 2: 32, 3: 17, 4: 46, 5: 31, 6: 118, 7: 31}",0.0002547738814756146,-3.59384509640115,0.3888888888888889,-0.41017446508904926,2.5809,1
London,"{1: [(1, 1), (3, 1), (5, 6), (6, 3), (16, 1), (17, 2)], 2: [(4, 2), (5, 3), (13, 1)], 3: [(1, 3), (3, 6), (11, 1), (14, 1), (15, 1)], 4: [(4, 1), (8, 1), (11, 2), (15, 1), (24, 1), (37, 1)], 5: [(3, 1), (4, 2), (7, 2), (14, 1), (17, 2), (22, 2), (23, 2), (32, 1), (33, 1), (34, 1)], 6: [(7, 1), (8, 2), (12, 1), (13, 5), (30, 1)], 7: [(15, 3), (18, 1), (27, 1)]}","{1: 14, 2: 6, 3: 12, 4: 7, 5: 15, 6: 10, 7: 5}",6.168209762041194e-05,-4.209840865672406,0.1919191919191919,-0.716881593644721,3.3707,1
,{},{},0.0,,0.0,,1.4472,
curses,"{1: [(5, 3)], 3: [(1, 1), (12, 1)], 4: [(2, 1), (14, 11), (27, 2), (31, 1), (34, 2)], 5: [(6, 1), (12, 1), (18, 1), (20, 1), (27, 1), (35, 1), (36, 1)], 6: [(6, 1), (8, 1), (15, 1), (28, 2), (29, 2)], 7: [(4, 6), (6, 1), (17, 1), (26, 1), (29, 1), (32, 7), (34, 1), (36, 4)]}","{1: 3, 3: 2, 4: 17, 5: 7, 6: 7, 7: 22}",5.1848719738897e-05,-4.2852619628467234,0.1414141414141414,-0.8495071589193119,1.9191,1
cauldron,"{1: [(5, 10), (6, 1), (7, 1), (8, 5), (17, 1)], 2: [(1, 1), (3, 1), (4, 7), (7, 1), (11, 6), (12, 2), (15, 2)], 3: [(1, 1), (3, 5), (4, 8), (5, 2), (7, 3)], 4: [(2, 1), (5, 4), (7, 1), (9, 1), (10, 3), (11, 2), (14, 1), (18, 1), (22, 1), (23, 1), (27, 6), (32, 15), (36, 2)], 5: [(3, 1), (5, 2), (9, 1), (12, 6), (15, 2), (17, 2), (20, 1), (22, 2), (29, 2), (32, 1), (38, 1)], 6: [(3, 1), (6, 4), (9, 10), (10, 1), (13, 1), (16, 3), (18, 10), (20, 1), (22, 3), (24, 1), (30, 1)], 7: [(2, 1), (9, 2), (11, 1), (12, 1), (18, 2), (22, 1), (26, 2)]}","{1: 18, 2: 20, 3: 19, 4: 39, 5: 21, 6: 36, 7: 10}",0.00014571278133517605,-3.8365023520057027,0.29797979797979796,-0.5258131786193869,1.3979,1
Knut,"{5: [(9, 1), (12, 1), (14, 1), (26, 1), (27, 1)], 6: [(6, 2)], 7: [(21, 1)]}","{5: 5, 6: 2, 7: 1}",7.15154755019269e-06,-5.145599969417717,0.03535353535353535,-1.4515671502472742,1.0,5
cherry,"{3: [(10, 1)], 5: [(25, 1)], 6: [(7, 1)], 7: [(13, 1)]}","{3: 1, 5: 1, 6: 1, 7: 1}",3.575773775096345e-06,-5.446629965081698,0.020202020202020204,-1.6946051989335686,2.8414,3
mahogany,"{1: [(5, 1), (10, 1)], 6: [(11, 1)], 7: [(13, 1)]}","{1: 2, 6: 1, 7: 1}",3.575773775096345e-06,-5.446629965081698,0.020202020202020204,-1.6946051989335686,1.5911,1
oak,"{1: [(5, 1), (6, 1), (9, 1), (15, 2)], 2: [(5, 1), (11, 1), (14, 1), (15, 2), (17, 1)], 3: [(3, 1), (5, 1), (11, 1), (21, 1)], 4: [(12, 1), (23, 1), (26, 1), (28, 2), (29, 1), (36, 1)], 5: [(7, 2), (9, 1), (11, 1), (22, 2), (24, 1), (25, 1), (26, 1), (33, 1)], 6: [(3, 1), (8, 1), (12, 1), (18, 2), (22, 1), (28, 2)], 7: [(19, 1)]}","{1: 5, 2: 6, 3: 4, 4: 7, 5: 10, 6: 8, 7: 1}",3.665168119473753e-05,-4.435906099689925,0.1717171717171717,-0.765186273219276,2.4579,1
yew,"{1: [(5, 2)], 4: [(32, 1), (33, 2)], 5: [(21, 1)], 7: [(1, 1), (24, 2), (32, 1)]}","{1: 2, 4: 3, 5: 1, 7: 4}",8.939434437740861e-06,-5.04868995640966,0.03535353535353535,-1.4515671502472742,0.4771,1
doxy,"{5: [(6, 6), (31, 1)], 6: [(11, 1)], 7: [(28, 1)]}","{5: 7, 6: 1, 7: 1}",8.045490993966776e-06,-5.094447446970335,0.020202020202020204,-1.6946051989335686,0.6021,5
ghoul,"{2: [(3, 2), (4, 2), (12, 1)], 4: [(10, 1)], 5: [(6, 1)], 7: [(6, 4), (11, 1)]}","{2: 5, 4: 1, 5: 1, 7: 5}",1.0727321325289035e-05,-4.969508710362035,0.03535353535353535,-1.4515671502472742,1.7243,2
Griffin,"{1: [(10, 1)], 2: [(11, 1)], 5: [(17, 1), (22, 2), (27, 1)]}","{1: 1, 2: 1, 5: 4}",5.363660662644517e-06,-5.2705387060260165,0.025252525252525252,-1.5976951859255124,2.85,1
Moke,{},{},0.0,,0.0,,0.4771,
Sphinx,"{4: [(31, 5)], 6: [(1, 2)]}","{4: 5, 6: 2}",6.257604106418603e-06,-5.203591916395403,0.010101010101010102,-1.99563519459755,1.7243,4
hag,"{1: [(5, 1)], 3: [(4, 1)], 4: [(12, 1), (16, 1)], 5: [(4, 1), (13, 1), (16, 1), (17, 1), (21, 2)], 6: [(21, 1)], 7: [(11, 1), (13, 1)]}","{1: 1, 3: 1, 4: 2, 5: 6, 6: 1, 7: 2}",1.162126476906312e-05,-4.934746604102823,0.06060606060606061,-1.2174839442139063,1.9638,1
witch,"{1: [(4, 2), (5, 4), (7, 3), (8, 1), (12, 1), (16, 1)], 2: [(1, 1), (3, 1), (4, 4), (5, 2), (6, 3), (10, 1), (13, 3), (16, 1), (17, 1)], 3: [(1, 5), (3, 2), (4, 11), (5, 5), (10, 4), (12, 1), (14, 6), (16, 3), (17, 1), (22, 1)], 4: [(1, 1), (8, 1), (9, 4), (11, 1), (15, 1), (17, 5), (18, 2), (19, 1), (20, 1), (24, 1), (27, 5), (28, 4), (30, 7), (31, 1), (33, 2), (35, 1)], 5: [(2, 1), (3, 5), (7, 8), (8, 13), (9, 4), (10, 1), (11, 1), (16, 3), (17, 2), (22, 14), (23, 3), (25, 3), (26, 1), (28, 1), (31, 2), (34, 1), (35, 1), (36, 2), (38, 1)], 6: [(1, 1), (4, 2), (5, 1), (6, 1), (7, 1), (9, 1), (10, 1), (13, 3), (17, 4), (20, 1), (30, 1)], 7: [(3, 1), (7, 1), (8, 2), (11, 2), (12, 7), (13, 10), (15, 1), (17, 2), (20, 1), (23, 1), (26, 2), (28, 1), (29, 1), (30, 1), (31, 1), (33, 2)]}","{1: 12, 2: 17, 3: 39, 4: 38, 5: 67, 6: 17, 7: 36}",0.00020203121829294349,-3.6945815172622596,0.4393939393939394,-0.3571459376429126,3.1495,1
wizard,"{1: [(4, 12), (5, 7), (6, 7), (7, 1), (8, 1), (10, 1), (12, 4), (13, 2), (16, 3), (17, 3)], 2: [(1, 6), (2, 4), (3, 5), (4, 6), (6, 2), (8, 1), (9, 1), (11, 4), (12, 3), (13, 11), (17, 2)], 3: [(1, 7), (2, 2), (3, 7), (4, 5), (5, 4), (7, 1), (10, 2), (11, 1), (12, 3), (16, 1), (17, 1), (19, 3), (21, 1), (22, 2)], 4: [(1, 6), (2, 7), (4, 1), (5, 4), (6, 1), (7, 10), (8, 2), (9, 6), (10, 2), (11, 2), (14, 2), (17, 3), (18, 1), (19, 5), (21, 3), (23, 1), (24, 3), (25, 2), (26, 2), (27, 2), (30, 2), (31, 2), (33, 6), (34, 1), (35, 1), (36, 1)], 5: [(1, 1), (2, 4), (3, 6), (5, 3), (6, 1), (7, 17), (8, 5), (9, 1), (10, 2), (12, 4), (14, 1), (18, 2), (20, 1), (21, 1), (22, 15), (23, 3), (24, 2), (25, 3), (27, 3), (29, 2), (31, 1), (32, 3), (33, 1), (34, 1), (35, 1), (36, 4), (37, 6), (38, 3)], 6: [(1, 6), (2, 4), (3, 1), (4, 5), (5, 1), (6, 4), (7, 2), (8, 1), (9, 1), (13, 7), (15, 2), (16, 1), (17, 5), (18, 3), (20, 4), (22, 2), (23, 9), (25, 2), (26, 3), (28, 2), (29, 1), (30, 2)], 7: [(2, 3), (3, 3), (7, 4), (8, 9), (10, 3), (11, 3), (12, 17), (13, 15), (15, 4), (16, 1), (17, 1), (18, 3), (20, 1), (21, 6), (22, 1), (23, 1), (24, 9), (25, 6), (26, 4), (27, 1), (28, 3), (31, 1), (32, 3), (33, 3), (36, 2)]}","{1: 41, 2: 45, 3: 40, 4: 78, 5: 97, 6: 68, 7: 107}",0.00042551707923646503,-3.3710830036891672,0.6868686868686869,-0.16312628189131362,2.7348,1
poltergeist,"{1: [(7, 1), (8, 1)], 2: [(8, 2), (11, 1)], 3: [(7, 1), (8, 1), (9, 1), (10, 1)], 4: [(12, 1), (23, 1), (25, 3)], 5: [(12, 1), (29, 1), (30, 1), (32, 1)], 6: [(19, 1)]}","{1: 2, 2: 3, 3: 4, 4: 5, 5: 4, 6: 1}",1.6984925431707637e-05,-4.7699363554568315,0.08080808080808081,-1.0925452076056064,1.5185,1
banshee,"{2: [(2, 1), (4, 1), (6, 1), (7, 1), (16, 1)], 3: [(7, 4)], 4: [(21, 1)], 7: [(6, 1)]}","{2: 5, 3: 4, 4: 1, 7: 1}",9.833377881514949e-06,-5.007297271251435,0.04040404040404041,-1.3935752032695874,1.7634,2
ogre,"{3: [(8, 1)]}",{3: 1},8.939434437740862e-07,-6.04868995640966,0.005050505050505051,-2.296665190261531,1.8573,3
Bane,"{1: [(15, 14), (16, 1)], 5: [(27, 2), (30, 5), (33, 5)], 7: [(36, 2)]}","{1: 15, 5: 12, 7: 2}",2.59243598694485e-05,-4.586291958510705,0.030303030303030304,-1.5185139398778875,1.9777,1
Fang,"{1: [(8, 6), (14, 1), (15, 9)], 2: [(7, 1), (14, 5), (15, 18), (17, 6)], 3: [(6, 2), (11, 3), (21, 2)], 4: [(2, 1), (5, 2), (13, 2), (19, 1), (24, 4), (28, 5), (37, 1)], 5: [(20, 10), (31, 2), (38, 1)], 6: [(11, 4), (22, 1), (28, 5)], 7: [(6, 2), (31, 7), (34, 1)]}","{1: 16, 2: 30, 3: 7, 4: 16, 5: 13, 6: 10, 7: 10}",9.118223126495679e-05,-4.040089784647743,0.13131313131313133,-0.8816918422907131,1.9956,1
Arnold,"{4: [(7, 1), (13, 2)], 6: [(7, 1), (11, 1), (14, 2)]}","{4: 3, 6: 4}",6.257604106418603e-06,-5.203591916395403,0.025252525252525252,-1.5976951859255124,2.6355,4
Fluffy,"{1: [(11, 2), (13, 2), (14, 8), (15, 2), (16, 11), (17, 1)], 2: [(5, 1), (6, 2), (14, 1)], 3: [(4, 1), (13, 1), (19, 1), (22, 1)], 4: [(21, 1), (25, 2), (28, 1)], 5: [(7, 1), (11, 2), (12, 1), (24, 1)], 6: [(27, 1)], 7: [(6, 1), (12, 1), (13, 1), (16, 1), (25, 1)]}","{1: 26, 2: 4, 3: 4, 4: 4, 5: 5, 6: 1, 7: 5}",4.3803228744930225e-05,-4.3584938763811465,0.13131313131313133,-0.8816918422907131,2.2695,1
Harry,"{1: [(1, 19), (2, 73), (3, 64), (4, 45), (5, 132), (6, 106), (7, 55), (8, 43), (9, 67), (10, 75), (11, 63), (12, 89), (13, 58), (14, 42), (15, 84), (16, 112), (17, 86)], 2: [(1, 61), (2, 82), (3, 73), (4, 84), (5, 77), (6, 73), (7, 87), (8, 76), (9, 61), (10, 108), (11, 109), (12, 95), (13, 96), (14, 53), (15, 93), (16, 93), (17, 121), (18, 71)], 3: [(1, 72), (2, 78), (3, 99), (4, 95), (5, 128), (6, 91), (7, 36), (8, 90), (9, 77), (10, 102), (11, 88), (12, 106), (13, 81), (14, 116), (15, 94), (16, 68), (17, 74), (18, 18), (19, 55), (20, 43), (21, 153), (22, 104)], 4: [(1, 7), (2, 63), (3, 67), (4, 55), (5, 56), (6, 28), (7, 40), (8, 81), (9, 78), (10, 32), (11, 26), (12, 52), (13, 41), (14, 69), (15, 56), (16, 65), (17, 61), (18, 130), (19, 129), (20, 144), (21, 104), (22, 76), (23, 144), (24, 109), (25, 102), (26, 157), (27, 90), (28, 152), (29, 62), (30, 115), (31, 161), (32, 42), (33, 24), (34, 64), (35, 68), (36, 102), (37, 77)], 5: [(1, 90), (2, 96), (3, 85), (4, 101), (5, 71), (6, 77), (7, 84), (8, 41), (9, 130), (10, 104), (11, 71), (12, 121), (13, 122), (14, 114), (15, 75), (16, 96), (17, 103), (18, 121), (19, 88), (20, 38), (21, 107), (22, 95), (23, 95), (24, 145), (25, 112), (26, 132), (27, 100), (28, 103), (29, 117), (30, 118), (31, 96), (32, 95), (33, 54), (34, 87), (35, 149), (36, 65), (37, 116), (38, 117)], 6: [(1, 1), (2, 3), (3, 63), (4, 98), (5, 89), (6, 83), (7, 125), (8, 76), (9, 83), (10, 76), (11, 82), (12, 106), (13, 47), (14, 126), (15, 94), (16, 105), (17, 91), (18, 136), (19, 118), (20, 80), (21, 95), (22, 115), (23, 86), (24, 106), (25, 111), (26, 142), (27, 38), (28, 79), (29, 64), (30, 89)], 7: [(1, 5), (2, 26), (3, 83), (4, 100), (5, 113), (6, 98), (7, 105), (8, 87), (9, 74), (10, 102), (11, 86), (12, 84), (13, 92), (14, 72), (15, 110), (16, 76), (17, 94), (18, 23), (19, 102), (20, 70), (21, 60), (22, 79), (23, 123), (24, 125), (25, 69), (26, 100), (27, 18), (28, 49), (29, 70), (30, 62), (31, 130), (32, 74), (33, 65), (34, 49), (35, 79), (36, 143)]}","{1: 1213, 2: 1513, 3: 1868, 4: 2929, 5: 3731, 6: 2607, 7: 2897}",0.014980704230766136,-1.8244677703250116,1.0,0.0,3.6226,1
Avis,"{4: [(18, 1)]}",{4: 1},8.939434437740862e-07,-6.04868995640966,0.005050505050505051,-2.296665190261531,1.2553,4
hexes,"{4: [(20, 1), (26, 1), (29, 3), (31, 4)], 5: [(6, 1), (22, 1), (23, 1), (28, 1), (38, 1)], 6: [(6, 1), (9, 1), (10, 1), (12, 1), (28, 1)]}","{4: 9, 5: 5, 6: 5}",1.6984925431707637e-05,-4.7699363554568315,0.0707070707070707,-1.1505371545832932,0.7782,4
jinxes,"{3: [(11, 1), (12, 1)], 4: [(37, 1)], 5: [(5, 1), (9, 1), (15, 3), (16, 1), (17, 1), (18, 2), (22, 2), (25, 1), (38, 1)], 6: [(5, 3), (6, 1), (8, 1), (9, 1), (12, 1), (15, 1), (16, 1), (28, 1), (29, 1)], 7: [(9, 2), (36, 1)]}","{3: 2, 4: 1, 5: 13, 6: 11, 7: 3}",2.6818303313222584e-05,-4.571568701689998,0.11616161616161616,-0.9349373542439382,0.7782,3
spider,"{1: [(2, 1)], 2: [(9, 1), (15, 9)], 3: [(1, 1), (7, 2), (8, 2)], 4: [(14, 18), (18, 1), (31, 10), (36, 1)], 5: [(6, 1), (28, 1)], 6: [(4, 2), (11, 2), (22, 5)], 7: [(4, 1), (20, 5), (28, 1), (32, 2)]}","{1: 1, 2: 10, 3: 5, 4: 30, 5: 2, 6: 9, 7: 9}",5.900026728908969e-05,-4.229146020867792,0.09595959595959595,-1.017911589308702,2.7126,1
